<?xml version="1.0" encoding="UTF-8" standalone="yes"?>
<addon id="script.tvguide.nieldc" name="My TV-Guide" version="1.0.0" provider-name="NIELDC">
    <requires>
        <import addon="xbmc.python" version="2.1.0"/>
        <import addon="script.module.simplejson" version="0.0.1"/>
        <import addon="script.module.requests" version="0.0.1" />
        <import addon="script.module.dateutil" version="0.0.1" />
        <import addon="script.module.pil" />
    </requires>
    <extension point="xbmc.python.script" library="addon.py">
            <provides>executable</provides>
    </extension>
    <extension point="xbmc.service" library="service.py" start="login"/>
    <extension point="xbmc.addon.metadata">
        <description lang="en">My custom tv guide.</description>
        <summary lang="en_gb"></summary>
        <disclaimer lang="en">Based on the original TV Guide addon by twinther, FTV Guide, Midraal's fork and the excellent Primaeval's latest fork.</disclaimer>
		<language></language>
        <platform>all</platform>
        <license>GPLv2</license>
        <email>nieldc@live.com</email>
    </extension>
</addon>