﻿<?xml version="1.0" encoding="UTF-8" standalone="yes"?>
<addon id="resource.images.skinbackgrounds.pinoytv" name="Skin Backgrounds - Pinoy TV" version="1.0.3" provider-name="Nieldc">
	<extension point="kodi.resource.images" compile="false" type="skinbackgrounds" />
	<requires>
		<import addon="kodi.resource" version="1.0.0"/>
	</requires>
	<extension point="xbmc.addon.metadata">
		<summary lang="en">Skin backgrounds Pack - Pinoy TV</summary>
		<description lang="en">Skin backgrounds Pack - Pinoy TV</description>
		<platform>all</platform>
	</extension>
</addon>
