<?xml version="1.0" encoding="utf-8"?>
<includes>
	<include name="USTVContent">  <!-- New Item -->
		<content>
			<item>
			<label>ABC</label>
			<onclick>PlayMedia(plugin://plugin.video.pvr.plugin.player/stream_search/ABC)</onclick>
			<thumb>https://raw.githubusercontent.com/rdctx11/myaddons/master/logos/401.png</thumb>
			</item>
			<item>
			<label>CBS</label>
			<onclick>PlayMedia(plugin://plugin.video.pvr.plugin.player/stream_search/CBS)</onclick>
			<thumb>https://raw.githubusercontent.com/rdctx11/myaddons/master/logos/402.png</thumb>
			</item>
			<item>
			<label>The CW</label>
			<onclick>PlayMedia(plugin://plugin.video.pvr.plugin.player/stream_search/CW)</onclick>
			<thumb>https://raw.githubusercontent.com/rdctx11/myaddons/master/logos/403.png</thumb>
			</item>
			<item>
			<label>FOX</label>
			<onclick>PlayMedia(plugin://plugin.video.pvr.plugin.player/stream_search/FOX)</onclick>
			<thumb>https://raw.githubusercontent.com/rdctx11/myaddons/master/logos/404.png</thumb>
			</item>
			<item>
			<label>NBC</label>
			<onclick>PlayMedia(plugin://plugin.video.pvr.plugin.player/stream_search/NBC)</onclick>
			<onclick>PlayMedia()</onclick>
			<thumb>https://raw.githubusercontent.com/rdctx11/myaddons/master/logos/406.png</thumb>
			</item>
			<item>
			<label>My Network TV</label>
			<onclick>PlayMedia(plugin://plugin.video.pvr.plugin.player/stream_search/MY9)</onclick>
			<thumb>https://raw.githubusercontent.com/rdctx11/myaddons/master/logos/405.png</thumb>
			</item>
			<item>
			<label>PBS</label>
			<onclick>PlayMedia(plugin://plugin.video.pvr.plugin.player/stream_search/PBS)</onclick>
			<thumb>https://raw.githubusercontent.com/rdctx11/myaddons/master/logos/407.png</thumb>
			</item>
			<item>
			<label>AMC</label>
			<onclick>PlayMedia(plugin://plugin.video.pvr.plugin.player/stream_search/AMC)</onclick>
			<thumb>https://raw.githubusercontent.com/rdctx11/myaddons/master/logos/409.png</thumb>
			</item>
			<item>
			<label>A & E</label>
			<onclick>PlayMedia(plugin://plugin.video.pvr.plugin.player/stream_search/A&E)</onclick>
			<thumb>https://raw.githubusercontent.com/rdctx11/myaddons/master/logos/408.png</thumb>
			</item>
			<item>
			<label>Bravo TV</label>
			<onclick>PlayMedia(plugin://plugin.video.pvr.plugin.player/stream_search/Bravo)</onclick>
			<thumb>https://raw.githubusercontent.com/rdctx11/myaddons/master/logos/411.png</thumb>
			</item>
			<item>
			<label>Comedy Central</label>
			<onclick>PlayMedia(plugin://plugin.video.pvr.plugin.player/stream_search/Comedy+Central)</onclick>
			<thumb>https://raw.githubusercontent.com/rdctx11/myaddons/master/logos/126.png</thumb>
			</item>
			<item>
			<label>Spike TV</label>
			<onclick>PlayMedia(plugin://plugin.video.pvr.plugin.player/stream_search/Spike)</onclick>
			<thumb>https://raw.githubusercontent.com/rdctx11/myaddons/master/logos/416.png</thumb>
			</item>
			<item>
			<label>SyFy</label>
			<onclick>PlayMedia(plugin://plugin.video.pvr.plugin.player/stream_search/Syfy)</onclick>
			<thumb>https://raw.githubusercontent.com/rdctx11/myaddons/master/logos/418.png</thumb>
			</item>
			<item>
			<label>TBS</label>
			<onclick>PlayMedia(plugin://plugin.video.pvr.plugin.player/stream_search/TBS)</onclick>
			<thumb>https://raw.githubusercontent.com/rdctx11/myaddons/master/logos/421.png</thumb>
			</item>
			<item>
			<label>TLC</label>
			<onclick>PlayMedia(plugin://plugin.video.pvr.plugin.player/stream_search/TLC)</onclick>
			<onclick>PlayMedia()</onclick>
			<thumb>https://raw.githubusercontent.com/rdctx11/myaddons/master/logos/TLCUS.png</thumb>
			</item>
			<item>
			<label>TNT</label>
			<onclick>PlayMedia(plugin://plugin.video.pvr.plugin.player/stream_search/TNT)</onclick>
			<thumb>https://raw.githubusercontent.com/rdctx11/myaddons/master/logos/TNT.png</thumb>
			</item>
			<item>
			<label>USA Network</label>
			<onclick>PlayMedia(plugin://plugin.video.pvr.plugin.player/stream_search/USA+Network)</onclick>
			<thumb>https://raw.githubusercontent.com/rdctx11/myaddons/master/logos/420.png</thumb>
			</item>
			<item>
			<label>Lifetime</label>
			<onclick>PlayMedia(plugin://plugin.video.pvr.plugin.player/stream_search/Lifetime)</onclick>
			<onclick>PlayMedia()</onclick>
			<thumb>https://raw.githubusercontent.com/rdctx11/myaddons/master/logos/415.png</thumb>
			</item>
			<item>
			<label>HGTV</label>
			<onclick>PlayMedia(plugin://plugin.video.pvr.plugin.player/stream_search/HGTV)</onclick>
			<thumb>https://raw.githubusercontent.com/rdctx11/myaddons/master/logos/434.png</thumb>
			</item>
			<item>
			<label>National Geographic</label>
			<onclick>PlayMedia(plugin://plugin.video.pvr.plugin.player/stream_search/National+Geographic)</onclick>
			<thumb>https://raw.githubusercontent.com/rdctx11/myaddons/master/logos/449.png</thumb>
			</item>
			<item>
			<label>Discovery HD</label>
			<onclick>PlayMedia(plugin://plugin.video.pvr.plugin.player/stream_search/Discovery)</onclick>
			<onclick>PlayMedia()</onclick>
			<thumb>https://raw.githubusercontent.com/rdctx11/myaddons/master/logos/441.png</thumb>
			<date></date>
			</item>
			<item>
			<label>Science Channel</label>
			<onclick>PlayMedia(plugin://plugin.video.pvr.plugin.player/stream_search/Science)</onclick>
			<thumb>https://raw.githubusercontent.com/rdctx11/myaddons/master/logos/444.png</thumb>
			</item>
			<item>
			<label>Animal Planet</label>
			<onclick>PlayMedia(plugin://plugin.video.pvr.plugin.player/stream_search/Animal+Planet)</onclick>
			<thumb>https://raw.githubusercontent.com/rdctx11/myaddons/master/logos/448.png</thumb>
			</item>
			<item>
			<label>History</label>
			<onclick>PlayMedia(plugin://plugin.video.pvr.plugin.player/stream_search/History)</onclick>
			<thumb>https://raw.githubusercontent.com/rdctx11/myaddons/master/logos/454.png</thumb>
			</item>
			<item>
			<label>H2</label>
			<onclick>PlayMedia(plugin://plugin.video.pvr.plugin.player/stream_search/H2)</onclick>
			<onclick>PlayMedia()</onclick>
			<thumb>https://raw.githubusercontent.com/rdctx11/myaddons/master/logos/170.png</thumb>
			<fanart>https://raw.githubusercontent.com/rdctx11/myaddons/master/logos/170.png</fanart>
			</item>
			<item>
			<label>Investigation Discovery</label>
			<onclick>PlayMedia(plugin://plugin.video.pvr.plugin.player/stream_search/Investigation)</onclick>
			<onclick>PlayMedia()</onclick>
			<thumb>https://raw.githubusercontent.com/rdctx11/myaddons/master/logos/451.png</thumb>
			</item>
			<item>
			<label>Hallmark</label>
			<onclick>PlayMedia(plugin://plugin.video.pvr.plugin.player/stream_search/Hallmark)</onclick>
			<onclick>PlayMedia()</onclick>
			<thumb>https://raw.githubusercontent.com/rdctx11/myaddons/master/logos/399.png</thumb>
			</item>
			<item>
			<label>HBO</label>
			<onclick>PlayMedia(plugin://plugin.video.pvr.plugin.player/stream_search/HBO)</onclick>
			<onclick>PlayMedia()</onclick>
			<thumb>https://raw.githubusercontent.com/rdctx11/myaddons/master/logos/351.png</thumb>
			</item>
			<item>
			<label>HBO Comedy</label>
			<onclick>PlayMedia(plugin://plugin.video.pvr.plugin.player/stream_search/HBO+Comedy)</onclick>
			<onclick>PlayMedia()</onclick>
			<thumb>https://raw.githubusercontent.com/rdctx11/myaddons/master/logos/356.png</thumb>
			</item>
			<item>
			<label>HBO Signature</label>
			<onclick>PlayMedia(plugin://plugin.video.pvr.plugin.player/stream_search/HBO+Signature)</onclick>
			<onclick>PlayMedia()</onclick>
			<thumb>https://raw.githubusercontent.com/rdctx11/myaddons/master/logos/353.png</thumb>
			</item>
			<item>
			<label>Disney Channel</label>
			<onclick>PlayMedia(plugin://plugin.video.pvr.plugin.player/stream_search/Disney+Channel)</onclick>
			<onclick>PlayMedia()</onclick>
			<thumb>https://raw.githubusercontent.com/rdctx11/myaddons/master/logos/291.png</thumb>
			</item>
			<item>
			<label>Cartoon Network</label>
			<onclick>PlayMedia(plugin://plugin.video.pvr.plugin.player/stream_search/Cartoon+Network)</onclick>
			<thumb>https://raw.githubusercontent.com/rdctx11/myaddons/master/logos/288.png</thumb>
			</item>
			<item>
			<label>Nickelodeon</label>
			<onclick>PlayMedia(plugin://plugin.video.pvr.plugin.player/stream_search/Nickelodeon)</onclick>
			<thumb>https://raw.githubusercontent.com/rdctx11/myaddons/master/logos/294.png</thumb>
			</item>
		</content>
	</include>
	<include name="UKTVContent">  <!-- New Item -->
		<content>
			<item>
			<label>BBC One</label>
			<onclick>PlayMedia(plugin://plugin.video.pvr.plugin.player/stream_search/BBC+One)</onclick>
			<thumb>http://static.filmon.com/couch/channels/14/extra_big_logo.png</thumb>
			</item>
			<item>
			<label>BBC Two</label>
			<onclick>PlayMedia(plugin://plugin.video.pvr.plugin.player/stream_search/BBC+Two)</onclick>
			<thumb>http://static.filmon.com/couch/channels/25/extra_big_logo.png</thumb>
			</item>
			<item>
			<label>BBC Three</label>
			<onclick>PlayMedia(plugin://plugin.video.pvr.plugin.player/stream_search/BBC+Three)</onclick>
			<thumb>http://static.filmon.com/couch/channels/113/extra_big_logo.png</thumb>
			</item>
			<item>
			<label>BBC Four</label>
			<onclick>PlayMedia(plugin://plugin.video.pvr.plugin.player/stream_search/BBC+Four)</onclick>
			<thumb>http://static.filmon.com/couch/channels/103/extra_big_logo.png</thumb>
			</item>
			<item>
			<label>ITV</label>
			<onclick>PlayMedia(plugin://plugin.video.pvr.plugin.player/stream_search/ITV1)</onclick>
			<thumb>https://raw.githubusercontent.com/rdctx11/myaddons/master/logos/103.png</thumb>
			</item>
			<item>
			<label>ITV 2</label>
			<onclick>PlayMedia(plugin://plugin.video.pvr.plugin.player/stream_search/ITV2)</onclick>
			<thumb>https://raw.githubusercontent.com/rdctx11/myaddons/master/logos/106.png</thumb>
			</item>
			<item>
			<label>ITV 3</label>
			<onclick>PlayMedia(plugin://plugin.video.pvr.plugin.player/stream_search/ITV3)</onclick>
			<thumb>https://raw.githubusercontent.com/rdctx11/myaddons/master/logos/107.png</thumb>
			</item>
			<item>
			<label>ITV 4</label>
			<onclick>PlayMedia(plugin://plugin.video.pvr.plugin.player/stream_search/ITV4)</onclick>
			<thumb>https://raw.githubusercontent.com/rdctx11/myaddons/master/logos/108.png</thumb>
			</item>
			<item>
			<label>ITV Be</label>
			<onclick>PlayMedia(plugin://plugin.video.pvr.plugin.player/stream_search/ITVBe)</onclick>
			<thumb>http://static.filmon.com/couch/channels/3211/extra_big_logo.png</thumb>
			</item>
			<item>
			<label>CBS Reality</label>
			<onclick>PlayMedia(plugin://plugin.video.pvr.plugin.player/stream_search/CBS+Reality)</onclick>
			<thumb>https://raw.githubusercontent.com/rdctx11/myaddons/master/logos/152.png</thumb>
			</item>
			<item>
			<label>CBS Drama</label>
			<onclick>PlayMedia(plugin://plugin.video.pvr.plugin.player/stream_search/CBS+Drama)</onclick>
			<thumb>https://raw.githubusercontent.com/rdctx11/myaddons/master/logos/136.png</thumb>
			</item>
			<item>
			<label>CBS Action</label>
			<onclick>PlayMedia(plugin://plugin.video.pvr.plugin.player/stream_search/CBS+Action)</onclick>
			<thumb>https://raw.githubusercontent.com/rdctx11/myaddons/master/logos/135.png</thumb>
			</item>
			<item>
			<label>Channel 4</label>
			<onclick>PlayMedia(plugin://plugin.video.pvr.plugin.player/stream_search/Channel+4)</onclick>
			<thumb>https://raw.githubusercontent.com/rdctx11/myaddons/master/logos/104.png</thumb>
			</item>
			<item>
			<label>Channel 5</label>
			<onclick>PlayMedia(plugin://plugin.video.pvr.plugin.player/stream_search/Channel+5)</onclick>
			<thumb>https://raw.githubusercontent.com/rdctx11/myaddons/master/logos/105.png</thumb>
			</item>
			<item>
			<label>E4</label>
			<onclick>PlayMedia(plugin://plugin.video.pvr.plugin.player/stream_search/E4)</onclick>
			<thumb>https://raw.githubusercontent.com/rdctx11/myaddons/master/logos/109.png</thumb>
			</item>
			<item>
			<label>More 4</label>
			<onclick>PlayMedia(plugin://plugin.video.pvr.plugin.player/stream_search/More+4)</onclick>
			<thumb>https://raw.githubusercontent.com/rdctx11/myaddons/master/logos/115.png</thumb>
			</item>
			<item>
			<label>Dave</label>
			<onclick>PlayMedia(plugin://plugin.video.pvr.plugin.player/stream_search/Dave)</onclick>
			<onclick>PlayMedia()</onclick>
			<thumb>https://raw.githubusercontent.com/rdctx11/myaddons/master/logos/111.png</thumb>
			</item>
			<item>
			<label>Quest</label>
			<onclick>PlayMedia(plugin://plugin.video.pvr.plugin.player/stream_search/Quest)</onclick>
			<onclick>PlayMedia()</onclick>
			<thumb>https://raw.githubusercontent.com/rdctx11/myaddons/master/logos/144.png</thumb>
			</item>
			<item>
			<label>Film 4</label>
			<onclick>PlayMedia(plugin://plugin.video.pvr.plugin.player/stream_search/Film+4)</onclick>
			<onclick>PlayMedia()</onclick>
			<thumb>https://raw.githubusercontent.com/rdctx11/myaddons/master/logos/313.png</thumb>
			</item>
			<item>
			<label>5USA</label>
			<onclick>PlayMedia(plugin://plugin.video.pvr.plugin.player/stream_search/5USA)</onclick>
			<thumb>https://raw.githubusercontent.com/rdctx11/myaddons/master/logos/118.png</thumb>
			</item>
			<item>
			<label>5STAR</label>
			<onclick>PlayMedia(plugin://plugin.video.pvr.plugin.player/stream_search/5STAR)</onclick>
			<thumb>http://static.filmon.com/couch/channels/851/extra_big_logo.png</thumb>
			</item>
			<item>
			<label>Pick TV</label>
			<onclick>PlayMedia(plugin://plugin.video.pvr.plugin.player/stream_search/Pick)</onclick>
			<onclick>PlayMedia()</onclick>
			<thumb>http://static.filmon.com/couch/channels/371/extra_big_logo.png</thumb>
			</item>
			<item>
			<label>Really</label>
			<onclick>PlayMedia(plugin://plugin.video.pvr.plugin.player/stream_search/Really)</onclick>
			<thumb>http://static.filmon.com/couch/channels/372/extra_big_logo.png</thumb>
			</item>
			<item>
			<label>Tru TV</label>
			<onclick>PlayMedia(plugin://plugin.video.pvr.plugin.player/stream_search/truTV)</onclick>
			<thumb>http://static.filmon.com/couch/channels/3707/extra_big_logo.png</thumb>
			</item>
			<item>
			<label>Yesterday</label>
			<onclick>PlayMedia(plugin://plugin.video.pvr.plugin.player/stream_search/Yesterday)</onclick>
			<thumb>http://static.filmon.com/couch/channels/1039/extra_big_logo.png</thumb>
			</item>
			<item>
			<label>Travel Channel UK</label>
			<onclick>PlayMedia(plugin://plugin.video.pvr.plugin.player/stream_search/Travel+Channel)</onclick>
			<onclick>PlayMedia()</onclick>
			<thumb>https://raw.githubusercontent.com/rdctx11/myaddons/master/logos/156.png</thumb>
			</item>
			<item>
			<label>TLC</label>
			<onclick>PlayMedia(plugin://plugin.video.pvr.plugin.player/stream_search/TLC)</onclick>
			<onclick>PlayMedia()</onclick>
			<thumb>https://raw.githubusercontent.com/rdctx11/myaddons/master/logos/158.png</thumb>
			</item>
			<item>
			<label>E! Entertainment</label>
			<onclick>PlayMedia(plugin://plugin.video.pvr.plugin.player/stream_search/E!)</onclick>
			<onclick>PlayMedia()</onclick>
			<thumb>https://raw.githubusercontent.com/rdctx11/myaddons/master/logos/921.png</thumb>
			</item>
			<item>
			<label>National Geographic UK</label>
			<onclick>PlayMedia(plugin://plugin.video.pvr.plugin.player/stream_search/National+Geographic)</onclick>
			<thumb>https://raw.githubusercontent.com/rdctx11/myaddons/master/logos/171.png</thumb>
			</item>
			<item>
			<label>Nat Geo Wild</label>
			<onclick>PlayMedia(plugin://plugin.video.pvr.plugin.player/stream_search/Nat+Geo+Wild)</onclick>
			<thumb>https://raw.githubusercontent.com/rdctx11/myaddons/master/logos/172.png</thumb>
			</item>
			<item>
			<label>Discovery Channel UK</label>
			<onclick>PlayMedia(plugin://plugin.video.pvr.plugin.player/stream_search/Discovery+Channel)</onclick>
			<thumb>https://raw.githubusercontent.com/rdctx11/myaddons/master/logos/161.png</thumb>
			<date></date>
			</item>
			<item>
			<label>Discovery Science UK</label>
			<onclick>PlayMedia(plugin://plugin.video.pvr.plugin.player/stream_search/Discovery+Science)</onclick>
			<thumb>https://raw.githubusercontent.com/rdctx11/myaddons/master/logos/162.png</thumb>
			</item>
			<item>
			<label>Animal Planet UK</label>
			<onclick>PlayMedia(plugin://plugin.video.pvr.plugin.player/stream_search/Animal+Planet)</onclick>
			<thumb>https://raw.githubusercontent.com/rdctx11/myaddons/master/logos/173.png</thumb>
			</item>
			<item>
			<label>Discovery History</label>
			<onclick>PlayMedia(plugin://plugin.video.pvr.plugin.player/stream_search/Discovery+History)</onclick>
			<thumb>https://raw.githubusercontent.com/rdctx11/myaddons/master/logos/164.png</thumb>
			</item>
			<item>
			<label>Discovery Shed</label>
			<onclick>PlayMedia(plugin://plugin.video.pvr.plugin.player/stream_search/Discovery+Shed)</onclick>
			<thumb>https://raw.githubusercontent.com/rdctx11/myaddons/master/logos/165.png</thumb>
			</item>
			<item>
			<label>Discovery Turbo</label>
			<onclick>PlayMedia(plugin://plugin.video.pvr.plugin.player/stream_search/Discovery+Turbo)</onclick>
			<thumb>https://raw.githubusercontent.com/rdctx11/myaddons/master/logos/163.png</thumb>
			</item>
			<item>
			<label>Investigation Discovery UK</label>
			<onclick>PlayMedia(plugin://plugin.video.pvr.plugin.player/stream_search/Investigation+Discovery)</onclick>
			<thumb>https://raw.githubusercontent.com/rdctx11/myaddons/master/logos/167.png</thumb>
			</item>
			<item>
			<label>Lifetime UK</label>
			<onclick>PlayMedia(plugin://plugin.video.pvr.plugin.player/stream_search/Lifetime)</onclick>
			<thumb>https://raw.githubusercontent.com/rdctx11/myaddons/master/logos/132.png</thumb>
			</item>
			<item>
			<label>DMax</label>
			<onclick>PlayMedia(plugin://plugin.video.pvr.plugin.player/stream_search/DMax)</onclick>
			<thumb>https://raw.githubusercontent.com/rdctx11/myaddons/master/logos/160.png</thumb>
			</item>
			<item>
			<label>Drama</label>
			<onclick>PlayMedia(plugin://plugin.video.pvr.plugin.player/stream_search/Drama)</onclick>
			<thumb>https://raw.githubusercontent.com/rdctx11/myaddons/master/logos/138.png</thumb>
			</item>
			<item>
			<label>Sky Arts</label>
			<onclick>PlayMedia(plugin://plugin.video.pvr.plugin.player/stream_search/Sky+Arts)</onclick>
			<thumb>https://raw.githubusercontent.com/rdctx11/myaddons/master/logos/125.png</thumb>
			</item>
			<item>
			<label>Sky Atlantic</label>
			<onclick>PlayMedia(plugin://plugin.video.pvr.plugin.player/stream_search/Sky+Atlantic)</onclick>
			<thumb>https://raw.githubusercontent.com/rdctx11/myaddons/master/logos/123.png</thumb>
			</item>
			<item>
			<label>Sky Living</label>
			<onclick>PlayMedia(plugin://plugin.video.pvr.plugin.player/stream_search/Sky+Living)</onclick>
			<thumb>https://raw.githubusercontent.com/rdctx11/myaddons/master/logos/124.png</thumb>
			</item>
			<item>
			<label>Sky One</label>
			<onclick>PlayMedia(plugin://plugin.video.pvr.plugin.player/stream_search/Sky+One)</onclick>
			<thumb>https://raw.githubusercontent.com/rdctx11/myaddons/master/logos/121.png</thumb>
			</item>
			<item>
			<label>Sky Two</label>
			<onclick>PlayMedia(plugin://plugin.video.pvr.plugin.player/stream_search/Sky+Two)</onclick>
			<thumb>https://raw.githubusercontent.com/rdctx11/myaddons/master/logos/122.png</thumb>
			</item>
			<item>
			<label>Sky Cinema Action</label>
			<onclick>PlayMedia(plugin://plugin.video.pvr.plugin.player/stream_search/Action)</onclick>
			<thumb>https://raw.githubusercontent.com/rdctx11/myaddons/master/logos/307.png</thumb>
			</item>
			<item>
			<label>Sky Cinema Comedy</label>
			<onclick>PlayMedia(plugin://plugin.video.pvr.plugin.player/stream_search/Comedy)</onclick>
			<thumb>https://raw.githubusercontent.com/rdctx11/myaddons/master/logos/308.png</thumb>
			</item>
			<item>
			<label>Sky Cinema Disney</label>
			<onclick>PlayMedia(plugin://plugin.video.pvr.plugin.player/stream_search/Disney)</onclick>
			<thumb>https://raw.githubusercontent.com/rdctx11/myaddons/master/logos/305.png</thumb>
			</item>
			<item>
			<label>Sky Cinema Crime</label>
			<onclick>PlayMedia(plugin://plugin.video.pvr.plugin.player/stream_search/Crime)</onclick>
			<thumb>https://raw.githubusercontent.com/rdctx11/myaddons/master/logos/309.png</thumb>
			</item>
			<item>
			<label>Sky Cinema Family</label>
			<onclick>PlayMedia(plugin://plugin.video.pvr.plugin.player/stream_search/Family)</onclick>
			<thumb>https://raw.githubusercontent.com/rdctx11/myaddons/master/logos/306.png</thumb>
			</item>
			<item>
			<label>Sky Cinema Drama</label>
			<onclick>PlayMedia(plugin://plugin.video.pvr.plugin.player/stream_search/Drama)</onclick>
			<thumb>https://raw.githubusercontent.com/rdctx11/myaddons/master/logos/310.png</thumb>
			</item>
			<item>
			<label>Sky Cinema Premiere</label>
			<onclick>PlayMedia(plugin://plugin.video.pvr.plugin.player/stream_search/Premiere)</onclick>
			<thumb>https://raw.githubusercontent.com/rdctx11/myaddons/master/logos/301.png</thumb>
			</item>
			<item>
			<label>Sky Cinema SciFi</label>
			<onclick>PlayMedia(plugin://plugin.video.pvr.plugin.player/stream_search/Sky+Sci-Fi)</onclick>
			<thumb>https://raw.githubusercontent.com/rdctx11/myaddons/master/logos/311.png</thumb>
			</item>
			<item>
			<label>Sky Cinema Modern Greats</label>
			<onclick>PlayMedia(plugin://plugin.video.pvr.plugin.player/stream_search/Sky+Greats)</onclick>
			<thumb>https://raw.githubusercontent.com/rdctx11/myaddons/master/logos/304.png</thumb>
			</item>
			<item>
			<label>Sky Cinema Showcase</label>
			<onclick>PlayMedia(plugin://plugin.video.pvr.plugin.player/stream_search/Showcase)</onclick>
			<thumb>https://raw.githubusercontent.com/rdctx11/myaddons/master/logos/SKYSHOW.png</thumb>
			</item>
			<item>
			<label>Sky Cinema Select</label>
			<onclick>PlayMedia(plugin://plugin.video.pvr.plugin.player/stream_search/Select)</onclick>
			<thumb>https://raw.githubusercontent.com/rdctx11/myaddons/master/logos/312.png</thumb>
			</item>
			<item>
			<label>True Movies</label>
			<onclick>PlayMedia(plugin://plugin.video.pvr.plugin.player/stream_search/True+Movies)</onclick>
			<thumb>https://raw.githubusercontent.com/rdctx11/myaddons/master/logos/316.png</thumb>
			</item>
			<item>
			<label>True Movies 2</label>
			<onclick>PlayMedia(plugin://plugin.video.pvr.plugin.player/stream_search/True+Movies+2)</onclick>
			<thumb>https://raw.githubusercontent.com/rdctx11/myaddons/master/logos/316B.png</thumb>
			</item>
			<item>
			<label>Disney Channel UK</label>
			<onclick>PlayMedia(plugin://plugin.video.pvr.plugin.player/stream_search/Disney+Channel)</onclick>
			<thumb>https://raw.githubusercontent.com/rdctx11/myaddons/master/logos/291.png</thumb>
			</item>
			<item>
			<label>Disney Junior UK</label>
			<onclick>PlayMedia(plugin://plugin.video.pvr.plugin.player/stream_search/Disney+Junior)</onclick>
			<thumb>https://raw.githubusercontent.com/rdctx11/myaddons/master/logos/292.png</thumb>
			</item>
			<item>
			<label>Disney XD</label>
			<onclick>PlayMedia(plugin://plugin.video.pvr.plugin.player/stream_search/Disney+XD)</onclick>
			<thumb>https://raw.githubusercontent.com/rdctx11/myaddons/master/logos/293.png</thumb>
			</item>
			<item>
			<label>Nick UK</label>
			<onclick>PlayMedia(plugin://plugin.video.pvr.plugin.player/stream_search/Nick)</onclick>
			<thumb>https://raw.githubusercontent.com/rdctx11/myaddons/master/logos/294.png</thumb>
			</item>
			<item>
			<label>Nick Junior</label>
			<onclick>PlayMedia(plugin://plugin.video.pvr.plugin.player/stream_search/Nick+Jr)</onclick>
			<thumb>https://raw.githubusercontent.com/rdctx11/myaddons/master/logos/295.png</thumb>
			</item>
			<item>
			<label>Nicktoons TV</label>
			<onclick>PlayMedia(plugin://plugin.video.pvr.plugin.player/stream_search/Nicktoons)</onclick>
			<thumb>http://vignette2.wikia.nocookie.net/nickfanon/images/b/bd/Nicktoons_Channel_logo_2014.png/revision/latest?cb%5Cx3d20131128073711</thumb>
			</item>
		</content>
	</include>
	<include name="NewsTVContent">  <!-- New Item -->
		<content>
			<item>
			<label>CNN</label>
			<onclick>PlayMedia(plugin://plugin.video.pvr.plugin.player/stream_search/CNN)</onclick>
			<thumb>https://raw.githubusercontent.com/rdctx11/myaddons/master/logos/474.png</thumb>
			</item>
			<item>
			<label>CNN Philippines</label>
			<onclick>PlayMedia(rtmp://54.251.134.121/live/15273.sdp live=1 timeout=10)</onclick>
			<onclick>PlayMedia()</onclick>
			<thumb>https://raw.githubusercontent.com/rdctx11/myaddons/master/logos/CNNPH.png</thumb>
			</item>
			<item>
			<label>CNN International</label>
			<onclick>PlayMedia(plugin://plugin.video.pvr.plugin.player/stream_search/CNN+International)</onclick>
			<thumb>https://raw.githubusercontent.com/rdctx11/myaddons/master/logos/CNNINT.png</thumb>
			</item>
			<item>
			<label>BBC News</label>
			<onclick>PlayMedia(plugin://plugin.video.pvr.plugin.player/stream_search/BBC+News)</onclick>
			<thumb>http://static.filmon.com/couch/channels/27/extra_big_logo.png</thumb>
			</item>
			<item>
			<label>CNBC</label>
			<onclick>PlayMedia(plugin://plugin.video.pvr.plugin.player/stream_search/CNBC)</onclick>
			<thumb>https://raw.githubusercontent.com/rdctx11/myaddons/master/logos/CNBC.png</thumb>
			</item>
			<item>
			<label>Bloomberg</label>
			<onclick>PlayMedia(plugin://plugin.video.pvr.plugin.player/stream_search/Bloomberg)</onclick>
			<thumb>https://raw.githubusercontent.com/rdctx11/myaddons/master/logos/194.png</thumb>
			</item>
			<item>
			<label>Fox News</label>
			<onclick>PlayMedia(plugin://plugin.video.pvr.plugin.player/stream_search/Fox+News)</onclick>
			<thumb>https://raw.githubusercontent.com/rdctx11/myaddons/master/logos/FOXNEWS.png</thumb>
			</item>
			<item>
			<label>ABC News 24</label>
			<onclick>PlayMedia(plugin://plugin.video.pvr.plugin.player/stream_search/ABC+News+24)</onclick>
			<thumb>http://gmojudycarman.org/wp-content/uploads/2013/06/abc-24.jpg</thumb>
			</item>
			<item>
			<label>Sky News</label>
			<onclick>PlayMedia(plugin://plugin.video.pvr.plugin.player/stream_search/Sky+News)</onclick>
			<thumb>https://raw.githubusercontent.com/rdctx11/myaddons/master/logos/192.png</thumb>
			</item>
			<item>
			<label>Al Jazeera English</label>
			<onclick>PlayMedia(plugin://plugin.video.pvr.plugin.player/stream_search/Al+Jazeera)</onclick>
			<thumb>https://raw.githubusercontent.com/rdctx11/myaddons/master/logos/198.png</thumb>
			</item>
			<item>
			<label>NHK World TV</label>
			<onclick>PlayMedia(plugin://plugin.video.pvr.plugin.player/stream_search/NHK)</onclick>
			<thumb>https://raw.githubusercontent.com/rdctx11/myaddons/master/logos/NHK.png</thumb>
			</item>
			<item>
			<label>Channel News Asia</label>
			<onclick>PlayMedia(plugin://plugin.video.pvr.plugin.player/stream_search/Channel+News+Asia)</onclick>
			<thumb>https://raw.githubusercontent.com/rdctx11/myaddons/master/logos/CNA.png</thumb>
			</item>
			<item>
			<label>Euro News</label>
			<onclick>PlayMedia(plugin://plugin.video.pvr.plugin.player/stream_search/Euro+News)</onclick>
			<thumb>https://raw.githubusercontent.com/rdctx11/myaddons/master/logos/196.png</thumb>
			</item>
			<item>
			<label>France 24</label>
			<onclick>PlayMedia(plugin://plugin.video.pvr.plugin.player/stream_search/France+24)</onclick>
			<thumb>https://raw.githubusercontent.com/rdctx11/myaddons/master/logos/FR24.png</thumb>
			</item>
			<item>
			<label>DW News</label>
			<onclick>PlayMedia(plugin://plugin.video.pvr.plugin.player/stream_search/DW)</onclick>
			<thumb>https://raw.githubusercontent.com/rdctx11/myaddons/master/logos/DW.png</thumb>
			</item>
			<item>
			<label>Arirang TV</label>
			<onclick>PlayMedia(plugin://plugin.video.pvr.plugin.player/stream_search/Arirang)</onclick>
			<thumb>https://raw.githubusercontent.com/rdctx11/myaddons/master/logos/ARR.png</thumb>
			</item>
			<item>
			<label>CGTN News</label>
			<onclick>PlayMedia(plugin://plugin.video.pvr.plugin.player/stream_search/CGTN)</onclick>
			<thumb>https://raw.githubusercontent.com/rdctx11/myaddons/master/logos/CGTN.png</thumb>
			</item>
			<item>
			<label>Russia Today</label>
			<onclick>PlayMedia(plugin://plugin.video.pvr.plugin.player/stream_search/Russia+Today)</onclick>
			<thumb>https://raw.githubusercontent.com/rdctx11/myaddons/master/logos/RT.png</thumb>
			</item>
		</content>
	</include>
</includes>