<?xml version="1.0" encoding="UTF-8"?>
<window>
	<defaultcontrol>9000</defaultcontrol>
	<backgroundcolor>background</backgroundcolor>
	<onload condition="String.IsEmpty(Skin.String(background_overlay))">Skin.SetString(background_overlay,1)</onload>
	<controls>
		<include>DefaultBackground</include>
		<control type="multiimage">
			<depth>DepthBackground</depth>
			<include>FullScreenDimensions</include>
			<aspectratio>scale</aspectratio>
			<fadetime>600</fadetime>
			<animation effect="zoom" center="auto" end="102,102" time="0" condition="Integer.IsGreater(System.StereoscopicMode,0)">conditional</animation>
			<animation effect="fade" start="0" end="100" time="400">WindowOpen</animation>
			<animation effect="fade" start="100" end="0" time="300">WindowClose</animation>
			<animation effect="fade" time="400">VisibleChange</animation>
			<imagepath background="true" colordiffuse="bg_overlay">$INFO[Skin.String(HomeFanart.path)]settings$INFO[Skin.String(HomeFanart.ext)]</imagepath>
			<visible>!Player.HasMedia + !String.IsEmpty(Skin.String(HomeFanart.path))</visible>
		</control>
		<control type="group" id="10000">
			<left>470</left>
			<include>OpenClose_Right</include>
			<control type="grouplist" id="700">
				<top>160</top>
				<left>0</left>
				<right>0</right>
				<bottom>140</bottom>
				<onleft>9000</onleft>
				<onright>60</onright>
				<onup>700</onup>
				<ondown>700</ondown>
				<visible>Container(9000).HasFocus(1)</visible>
				<control type="radiobutton" id="701">
					<label>$LOCALIZE[31095]</label>
					<include>DefaultSettingButton</include>
					<selected>!Skin.HasSetting(no_slide_animations)</selected>
					<onclick>Skin.ToggleSetting(no_slide_animations)</onclick>
				</control>
				<control type="radiobutton" id="702">
					<label>$LOCALIZE[20189]</label>
					<include>DefaultSettingButton</include>
					<onclick>Skin.ToggleSetting(autoscroll)</onclick>
					<selected>Skin.HasSetting(autoscroll)</selected>
				</control>
				<control type="radiobutton" id="703">
					<label>$LOCALIZE[31158]</label>
					<include>DefaultSettingButton</include>
					<onclick>Skin.ToggleSetting(touchmode)</onclick>
					<selected>Skin.HasSetting(touchmode)</selected>
				</control>
				<control type="radiobutton" id="704">
					<label>$LOCALIZE[31093]</label>
					<include>DefaultSettingButton</include>
					<onclick condition="!String.IsEmpty(Weather.Plugin)">Skin.ToggleSetting(show_weatherinfo)</onclick>
					<onclick condition="String.IsEmpty(Weather.Plugin)">ActivateWindow(servicesettings,weather)</onclick>
					<selected>Skin.HasSetting(show_weatherinfo) + !String.IsEmpty(Weather.Plugin)</selected>
				</control>
				<control type="radiobutton" id="705">
					<label>$LOCALIZE[31160]</label>
					<include>DefaultSettingButton</include>
					<onclick>Skin.ToggleSetting(hide_mediaflags)</onclick>
					<selected>!Skin.HasSetting(hide_mediaflags)</selected>
				</control>
				<control type="button" id="706">
					<label>$LOCALIZE[31024]</label>
					<include>DefaultSettingButton</include>
					<onclick>Skin.SelectBool($LOCALIZE[31024], 38018|circle_userrating, 563|circle_rating, 16018|)</onclick>
					<label2>$VAR[RatingSettingLabel2Var]</label2>
				</control>
			</control>
			<control type="grouplist" id="600">
				<top>160</top>
				<left>0</left>
				<right>0</right>
				<bottom>140</bottom>
				<onleft>9000</onleft>
				<onright>60</onright>
				<onup>600</onup>
				<ondown>600</ondown>
				<visible>Container(9000).HasFocus(3)</visible>
				<control type="radiobutton" id="605">
					<label>$LOCALIZE[31002]</label>
					<include>DefaultSettingButton</include>
					<onclick>Skin.ToggleSetting(no_fanart)</onclick>
					<selected>!Skin.HasSetting(no_fanart)</selected>
				</control>
				<control type="button" id="607">
					<label>$LOCALIZE[31156]</label>
					<label2>$VAR[BackgroundOverlayTypeVar]</label2>
					<include>DefaultSettingButton</include>
					<onclick condition="String.IsEqual(Skin.String(background_overlay),7)">Skin.SetString(background_overlay,0)</onclick>
					<onclick condition="String.IsEqual(Skin.String(background_overlay),6)">Skin.SetString(background_overlay,7)</onclick>
					<onclick condition="String.IsEqual(Skin.String(background_overlay),5)">Skin.SetString(background_overlay,6)</onclick>
					<onclick condition="String.IsEqual(Skin.String(background_overlay),4)">Skin.SetString(background_overlay,5)</onclick>
					<onclick condition="String.IsEqual(Skin.String(background_overlay),3)">Skin.SetString(background_overlay,4)</onclick>
					<onclick condition="String.IsEqual(Skin.String(background_overlay),2)">Skin.SetString(background_overlay,3)</onclick>
					<onclick condition="String.IsEqual(Skin.String(background_overlay),1)">Skin.SetString(background_overlay,2)</onclick>
					<onclick condition="String.IsEqual(Skin.String(background_overlay),0)">Skin.SetString(background_overlay,1)</onclick>
				</control>
				<control type="button" id="608">
					<label>$LOCALIZE[31131]</label>
					<label2>$INFO[Skin.String(HomeFanart.name)]</label2>
					<include>DefaultSettingButton</include>
					<onclick condition="System.HasAddon(script.image.resource.select)">RunScript(script.image.resource.select,property=HomeFanart&amp;type=resource.images.skinbackgrounds)</onclick>
					<onclick condition="!System.HasAddon(script.image.resource.select)">InstallAddon(script.image.resource.select)</onclick>
					<enable>!Skin.HasSetting(no_fanart)</enable>
				</control>
				<control type="button" id="609">
					<label>$LOCALIZE[31062]</label>
					<label2>$INFO[Skin.String(WeatherFanart.name)]</label2>
					<include>DefaultSettingButton</include>
					<onclick condition="System.HasAddon(script.image.resource.select)">RunScript(script.image.resource.select,property=WeatherFanart&amp;type=resource.images.weatherfanart)</onclick>
					<onclick condition="!System.HasAddon(script.image.resource.select)">InstallAddon(script.image.resource.select)</onclick>
					<enable>!Skin.HasSetting(no_fanart)</enable>
				</control>
				<control type="button" id="6066">
					<label>$LOCALIZE[31149]</label>
					<label2>$INFO[Skin.String(MovieGenreFanart.Name)]</label2>
					<include>DefaultSettingButton</include>
					<onclick condition="!System.HasAddon(script.image.resource.select)">InstallAddon(script.image.resource.select)</onclick>
					<onclick condition="System.HasAddon(script.image.resource.select)">RunScript(script.image.resource.select,property=MovieGenreFanart&amp;type=resource.images.moviegenrefanart)</onclick>
				</control>
			</control>
			<control type="grouplist" id="610">
				<top>160</top>
				<left>0</left>
				<right>0</right>
				<bottom>140</bottom>
				<onleft>9000</onleft>
				<onright>60</onright>
				<onup>610</onup>
				<pagecontrol>60</pagecontrol>
				<ondown>610</ondown>
				<visible>Container(9000).HasFocus(2)</visible>
				<control type="radiobutton" id="611">
					<label>$LOCALIZE[342]</label>
					<include>DefaultSettingButton</include>
					<selected>!Skin.HasSetting(HomeMenuNoMovieButton)</selected>
					<onclick>Skin.ToggleSetting(HomeMenuNoMovieButton)</onclick>
				</control>
				<control type="button" id="6110">
					<label>- $LOCALIZE[31157]</label>
					<include>DefaultSettingButton</include>
					<onclick condition="System.HasAddon(plugin.library.node.editor)">ActivateWindow(programs,plugin://plugin.library.node.editor/?ltype=video,return)</onclick>
					<onclick condition="!System.HasAddon(plugin.library.node.editor)">InstallAddon(plugin.library.node.editor)</onclick>
					<enable>!Skin.HasSetting(HomeMenuNoMovieButton)</enable>
				</control>
				<control type="radiobutton" id="612">
					<label>$LOCALIZE[20343]</label>
					<include>DefaultSettingButton</include>
					<selected>!Skin.HasSetting(HomeMenuNoTVShowButton)</selected>
					<onclick>Skin.ToggleSetting(HomeMenuNoTVShowButton)</onclick>
				</control>
				<control type="button" id="6120">
					<label>- $LOCALIZE[31157]</label>
					<include>DefaultSettingButton</include>
					<onclick condition="System.HasAddon(plugin.library.node.editor)">ActivateWindow(programs,plugin://plugin.library.node.editor/?ltype=video,return)</onclick>
					<onclick condition="!System.HasAddon(plugin.library.node.editor)">InstallAddon(plugin.library.node.editor)</onclick>
					<enable>!Skin.HasSetting(HomeMenuNoTVShowButton)</enable>
				</control>
				<control type="radiobutton" id="6121"> <!-- New Item -->
					<label>$LOCALIZE[50001]</label>
					<include>DefaultSettingButton</include>
					<selected>!Skin.HasSetting(HomeMenuNoPinoyTVButton)</selected>
					<onclick>Skin.ToggleSetting(HomeMenuNoPinoyTVButton)</onclick>
				</control>
				<control type="radiobutton" id="61210"><!-- New Item -->
					<label>- $LOCALIZE[31157]</label>
					<include>DefaultSettingButton</include>
					<selected>Skin.HasSetting(EditPinoyTVCategories)</selected>
					<onclick>Skin.ToggleSetting(EditPinoyTVCategories)</onclick>
					<enable>!Skin.HasSetting(HomeMenuNoPinoyTVButton)</enable>
				</control>
				<control type="button" id="61211"> <!-- New Item -->
					<label>   - $LOCALIZE[50007]:</label>
					<label2>$INFO[Skin.String(PinoyTvCat1.path)]</label2>
					<include>DefaultSettingButton</include>
					<onclick>Skin.SetPath(PinoyTvCat1.path,library://video/)</onclick>
					<onright>Skin.Reset(PinoyTvCat1.path)</onright>
					<!-- <onclick>Skin.SetString(PinoyTvCat1.name)</onclick> -->
					<visible>Skin.HasSetting(EditPinoyTVCategories)</visible>
				</control>
				<control type="button" id="61212"> <!-- New Item -->
					<label>   - $LOCALIZE[50008]:</label>
					<label2>$INFO[Skin.String(PinoyTvCat2.path)]</label2>
					<include>DefaultSettingButton</include>
					<onclick>Skin.SetPath(PinoyTvCat2.path,library://video/)</onclick>
					<onright>Skin.Reset(PinoyTvCat2.path)</onright>
					<!-- <onclick>Skin.SetString(PinoyTvCat2.name)</onclick> -->
					<visible>Skin.HasSetting(EditPinoyTVCategories)</visible>
				</control>
				<control type="button" id="61213">
					<label>   - $LOCALIZE[50079]:</label>
					<label2>$INFO[Skin.String(PinoyTvCat3.path)]</label2>
					<include>DefaultSettingButton</include>
					<onclick>Skin.SetPath(PinoyTvCat3.path,library://video/)</onclick>
					<onright>Skin.Reset(PinoyTvCat3.path)</onright>
					<!-- <onclick>Skin.SetString(PinoyTvCat3.name)</onclick> -->
					<visible>Skin.HasSetting(EditPinoyTVCategories)</visible>
				</control>
				<control type="button" id="61214"> <!-- New Item -->
					<label>   - $LOCALIZE[50004]:</label>
					<label2>$INFO[Skin.String(PinoyTvCat4.path)]</label2>
					<include>DefaultSettingButton</include>
					<onclick>Skin.SetPath(PinoyTvCat4.path,library://video/)</onclick>
					<onright>Skin.Reset(PinoyTvCat4.path)</onright>
					<!-- <onclick>Skin.SetString(PinoyTvCat4.name)</onclick> -->
					<visible>Skin.HasSetting(EditPinoyTVCategories)</visible>
				</control>
				<control type="button" id="61215"> <!-- New Item -->
					<label>   - $LOCALIZE[50010]:</label>
					<label2>$INFO[Skin.String(PinoyTvCat5.path)]</label2>
					<include>DefaultSettingButton</include>
					<onclick>Skin.SetPath(PinoyTvCat5.path,library://video/)</onclick>
					<onright>Skin.Reset(PinoyTvCat5.path)</onright>
					<!-- <onclick>Skin.SetString(PinoyTvCat5.name)</onclick> -->
					<visible>Skin.HasSetting(EditPinoyTVCategories)</visible>
				</control>
				<control type="button" id="61216"> <!-- New Item -->
					<label>   - $LOCALIZE[50011]:</label>
					<label2>$INFO[Skin.String(PinoyTvCat6.path)]</label2>
					<include>DefaultSettingButton</include>
					<onclick>Skin.SetPath(PinoyTvCat6.path,library://video/)</onclick>
					<onright>Skin.Reset(PinoyTvCat6.path)</onright>
					<!-- <onclick>Skin.SetString(PinoyTvCat6.name)</onclick> -->
					<visible>Skin.HasSetting(EditPinoyTVCategories)</visible>
				</control>
				<control type="button" id="61217"> <!-- New Item -->
					<label>   - $LOCALIZE[50049] 1:</label>
					<label2>$INFO[Skin.String(PinoyTvCat7.path)]</label2>
					<include>DefaultSettingButton</include>
					<onclick>Skin.SetPath(PinoyTvCat7.path,library://video/)</onclick>
					<onclick>Skin.SetString(PinoyTvCat7.name)</onclick>
					<onright>Skin.Reset(PinoyTvCat7.path)</onright>
					<onright>Skin.Reset(PinoyTvCat7.name)</onright>
					<visible>Skin.HasSetting(EditPinoyTVCategories)</visible>
				</control>
				<control type="button" id="61218"> <!-- New Item -->
					<label>   - $LOCALIZE[50049] 2:</label>
					<label2>$INFO[Skin.String(PinoyTvCat8.path)]</label2>
					<include>DefaultSettingButton</include>
					<onclick>Skin.SetPath(PinoyTvCat8.path,library://video/)</onclick>
					<onclick>Skin.SetString(PinoyTvCat8.name)</onclick>
					<onright>Skin.Reset(PinoyTvCat8.path)</onright>
					<onright>Skin.Reset(PinoyTvCat8.name)</onright>
					<visible>Skin.HasSetting(EditPinoyTVCategories)</visible>
				</control>
				<control type="button" id="61219"> <!-- New Item -->
					<label>   - $LOCALIZE[50049] 3:</label>
					<label2>$INFO[Skin.String(PinoyTvCat9.path)]</label2>
					<include>DefaultSettingButton</include>
					<onclick>Skin.SetPath(PinoyTvCat9.path,library://video/)</onclick>
					<onclick>Skin.SetString(PinoyTvCat9.name)</onclick>
					<onright>Skin.Reset(PinoyTvCat9.path)</onright>
					<onright>Skin.Reset(PinoyTvCat9.name)</onright>
					<visible>Skin.HasSetting(EditPinoyTVCategories)</visible>
				</control>
				<control type="button" id="612190"> <!-- New Item -->
					<label>   - $LOCALIZE[50050]</label>
					<focusedcolor>FFFF000F</focusedcolor>
					<include>DefaultSettingButton</include>			
					<onclick>Skin.Reset(PinoyAddon1.path)</onclick>
					<onclick>Skin.Reset(PinoyAddon2.path)</onclick>
					<onclick>Skin.Reset(PinoyAddon3.path)</onclick>
					<onclick>Skin.Reset(PinoyAddon4.path)</onclick>
					<onclick>Skin.Reset(PinoyAddon5.path)</onclick>
					<onclick>Skin.Reset(PinoyAddon6.path)</onclick>
					<onclick>Skin.Reset(PinoyAddon7.path)</onclick>
					<onclick>Skin.Reset(PinoyAddon8.path)</onclick>
					<onclick>Skin.Reset(PinoyAddon9.path)</onclick>
					<onclick>Skin.Reset(PinoyAddon10.path)</onclick>
					<onunfocus>Skin.ToggleSetting(EditPinoyTVCategories)</onunfocus>
					<onunfocus>SetFocus(6122)</onunfocus>
					<visible>Skin.HasSetting(EditPinoyTVCategories)</visible>
				</control>
				<control type="radiobutton" id="6122"> <!-- New Item -->
					<label>$LOCALIZE[50002]</label>
					<include>DefaultSettingButton</include>
					<selected>!Skin.HasSetting(HomeMenuNoExodusButton)</selected>
					<onclick>Skin.ToggleSetting(HomeMenuNoExodusButton)</onclick>
				</control>
				<control type="button" id="622"> <!-- New Item -->
					<label>$LOCALIZE[50054]</label>
					<label2>[B]$INFO[Skin.String(CustomHomeMenu1.name)][/B]</label2>
					<include>DefaultSettingButton</include>
					<onclick>Skin.SetPath(CustomHomeMenu1.path,library://video/)</onclick>
					<onclick>Skin.SetString(CustomHomeMenu1.name)</onclick>
					<onright>Skin.Reset(CustomHomeMenu1.path)</onright>
					<onright>Skin.Reset(CustomHomeMenu1.name)</onright>
				</control>
				<control type="radiobutton" id="6220"><!-- New Item -->
					<label>- $LOCALIZE[50055]</label>
					<include>DefaultSettingButton</include>
					<selected>Skin.HasSetting(EditCustomHomeMenuWidget)</selected>
					<onclick>Skin.ToggleSetting(EditCustomHomeMenuWidget)</onclick>
					<visible>Skin.String(CustomHomeMenu1.path)</visible>
				</control>
				<control type="button" id="6221"> <!-- New Item -->
					<label>   - $LOCALIZE[50052] 1: $LOCALIZE[50056]</label>
					<label2>[B]$INFO[Skin.String(CustomHomeMenuWidget1.name)][/B]  $LOCALIZE[50053]</label2>
					<include>DefaultSettingButton</include>
					<onclick>Skin.SetPath(CustomHomeMenuWidget1.path,library://video/)</onclick>
					<onclick>Skin.SetString(CustomHomeMenuWidget1.name)</onclick>
					<onright>Skin.Reset(CustomHomeMenuWidget1.path)</onright>
					<onright>Skin.Reset(CustomHomeMenuWidget1.name)</onright>
					<visible>Skin.HasSetting(EditCustomHomeMenuWidget)</visible>
				</control>
				<control type="button" id="6222"> <!-- New Item -->
					<label>   - $LOCALIZE[50052] 2: $LOCALIZE[50057]</label>
					<label2>[B]$INFO[Skin.String(CustomHomeMenuWidget2.name)][/B]  $LOCALIZE[50053]</label2>
					<include>DefaultSettingButton</include>
					<onclick>Skin.SetPath(CustomHomeMenuWidget2.path,library://video/)</onclick>
					<onclick>Skin.SetString(CustomHomeMenuWidget2.name)</onclick>
					<onright>Skin.Reset(CustomHomeMenuWidget2.path)</onright>
					<onright>Skin.Reset(CustomHomeMenuWidget2.name)</onright>
					<visible>Skin.HasSetting(EditCustomHomeMenuWidget)</visible>
				</control>
				<control type="button" id="6223"> <!-- New Item -->
					<label>   - $LOCALIZE[50052] 3: $LOCALIZE[50058]</label>
					<label2>[B]$INFO[Skin.String(CustomHomeMenuWidget3.name)][/B]  $LOCALIZE[50053]</label2>
					<include>DefaultSettingButton</include>
					<onclick>Skin.SetPath(CustomHomeMenuWidget3.path,library://video/)</onclick>
					<onclick>Skin.SetString(CustomHomeMenuWidget3.name)</onclick>
					<onright>Skin.Reset(CustomHomeMenuWidget3.path)</onright>
					<onright>Skin.Reset(CustomHomeMenuWidget3.name)</onright>
					<visible>Skin.HasSetting(EditCustomHomeMenuWidget)</visible>
				</control>
				<control type="button" id="6224"> <!-- New Item -->
					<label>   - $LOCALIZE[50052] 4: $LOCALIZE[50059]</label>
					<label2>[B]$INFO[Skin.String(CustomHomeMenuWidget4.name)][/B]  $LOCALIZE[50053]</label2>
					<include>DefaultSettingButton</include>
					<onclick>Skin.SetPath(CustomHomeMenuWidget4.path,library://video/)</onclick>
					<onclick>Skin.SetString(CustomHomeMenuWidget4.name)</onclick>
					<onright>Skin.Reset(CustomHomeMenuWidget4.path)</onright>
					<onright>Skin.Reset(CustomHomeMenuWidget4.name)</onright>
					<visible>Skin.HasSetting(EditCustomHomeMenuWidget)</visible>
				</control>
				<control type="button" id="6225"> <!-- New Item -->
					<label>   - $LOCALIZE[50052] 5: $LOCALIZE[50059]</label>
					<label2>[B]$INFO[Skin.String(CustomHomeMenuWidget5.name)][/B]  $LOCALIZE[50053]</label2>
					<include>DefaultSettingButton</include>
					<onclick>Skin.SetPath(CustomHomeMenuWidget5.path,library://video/)</onclick>
					<onclick>Skin.SetString(CustomHomeMenuWidget5.name)</onclick>
					<onright>Skin.Reset(CustomHomeMenuWidget5.path)</onright>
					<onright>Skin.Reset(CustomHomeMenuWidget5.name)</onright>
					<visible>Skin.HasSetting(EditCustomHomeMenuWidget)</visible>
				</control>
				<control type="button" id="6226"> <!-- New Item -->
					<label>   - $LOCALIZE[50052] 6: $LOCALIZE[50059]</label>
					<label2>[B]$INFO[Skin.String(CustomHomeMenuWidget6.name)][/B]  $LOCALIZE[50053]</label2>
					<include>DefaultSettingButton</include>
					<onclick>Skin.SetPath(CustomHomeMenuWidget6.path,library://video/)</onclick>
					<onclick>Skin.SetString(CustomHomeMenuWidget6.name)</onclick>
					<onright>Skin.Reset(CustomHomeMenuWidget6.path)</onright>
					<onright>Skin.Reset(CustomHomeMenuWidget6.name)</onright>
					<onunfocus>Skin.ToggleSetting(EditCustomHomeMenuWidget)</onunfocus>
					<onunfocus>SetFocus(618)</onunfocus>
					<visible>Skin.HasSetting(EditCustomHomeMenuWidget)</visible>
				</control>
				<control type="radiobutton" id="618">
					<label>$LOCALIZE[19020]</label>
					<include>DefaultSettingButton</include>
					<selected>!Skin.HasSetting(HomeMenuNoTVButton)</selected>
					<onclick>Skin.ToggleSetting(HomeMenuNoTVButton)</onclick>
				</control>
				<control type="radiobutton" id="6180"><!-- New Item -->
					<label>- $LOCALIZE[50051]</label>
					<include>DefaultSettingButton</include>
					<selected>Skin.HasSetting(EditTVWidgets)</selected>
					<onclick>Skin.ToggleSetting(EditTVWidgets)</onclick>
					<enable>!Skin.HasSetting(HomeMenuNoTVButton)</enable>
				</control>
				<control type="button" id="6181"> <!-- New Item -->
					<label>   - $LOCALIZE[50052] 1:</label>
					<label2>[B]$INFO[Skin.String(CustomLiveTV1.name)][/B]  $LOCALIZE[50053]</label2>
					<include>DefaultSettingButton</include>
					<onclick>Skin.SetPath(CustomLiveTV1.path,library://video/)</onclick>
					<onclick>Skin.SetString(CustomLiveTV1.name)</onclick>
					<onright>Skin.Reset(CustomLiveTV1.path)</onright>
					<onright>Skin.Reset(CustomLiveTV1.name)</onright>
					<visible>Skin.HasSetting(EditTVWidgets)</visible>
				</control>
				<control type="button" id="6182"> <!-- New Item -->
					<label>   - $LOCALIZE[50052] 2:</label>
					<label2>[B]$INFO[Skin.String(CustomLiveTV2.name)][/B]  $LOCALIZE[50053]</label2>
					<include>DefaultSettingButton</include>
					<onclick>Skin.SetPath(CustomLiveTV2.path,library://video/)</onclick>
					<onclick>Skin.SetString(CustomLiveTV2.name)</onclick>
					<onright>Skin.Reset(CustomLiveTV2.path)</onright>
					<onright>Skin.Reset(CustomLiveTV2.name)</onright>
					<visible>Skin.HasSetting(EditTVWidgets)</visible>
				</control>
				<control type="button" id="6183"> <!-- New Item -->
					<label>   - $LOCALIZE[50052] 3:</label>
					<label2>[B]$INFO[Skin.String(CustomLiveTV3.name)][/B]  $LOCALIZE[50053]</label2>
					<include>DefaultSettingButton</include>
					<onclick>Skin.SetPath(CustomLiveTV3.path,library://video/)</onclick>
					<onclick>Skin.SetString(CustomLiveTV3.name)</onclick>
					<onright>Skin.Reset(CustomLiveTV3.path)</onright>
					<onright>Skin.Reset(CustomLiveTV3.name)</onright>
					<visible>Skin.HasSetting(EditTVWidgets)</visible>
				</control>
				<control type="button" id="6184"> <!-- New Item -->
					<label>   - $LOCALIZE[50052] 4:</label>
					<label2>[B]$INFO[Skin.String(CustomLiveTV4.name)][/B]  $LOCALIZE[50053]</label2>
					<include>DefaultSettingButton</include>
					<onclick>Skin.SetPath(CustomLiveTV4.path,library://video/)</onclick>
					<onclick>Skin.SetString(CustomLiveTV4.name)</onclick>
					<onright>Skin.Reset(CustomLiveTV4.path)</onright>
					<onright>Skin.Reset(CustomLiveTV4.name)</onright>
					<visible>Skin.HasSetting(EditTVWidgets)</visible>
				</control>
				<control type="button" id="6185"> <!-- New Item -->
					<label>   - $LOCALIZE[50052] 5:</label>
					<label2>[B]$INFO[Skin.String(CustomLiveTV5.name)][/B]  $LOCALIZE[50053]</label2>
					<include>DefaultSettingButton</include>
					<onclick>Skin.SetPath(CustomLiveTV5.path,library://video/)</onclick>
					<onclick>Skin.SetString(CustomLiveTV5.name)</onclick>
					<onright>Skin.Reset(CustomLiveTV5.path)</onright>
					<onright>Skin.Reset(CustomLiveTV5.name)</onright>
					<onunfocus>Skin.ToggleSetting(EditTVWidgets)</onunfocus>
					<onunfocus>SetFocus(619)</onunfocus>
					<visible>Skin.HasSetting(EditTVWidgets)</visible>
				</control>
				<control type="radiobutton" id="619">
					<label>$LOCALIZE[19021]</label>
					<include>DefaultSettingButton</include>
					<selected>!Skin.HasSetting(HomeMenuNoRadioButton)</selected>
					<onclick>Skin.ToggleSetting(HomeMenuNoRadioButton)</onclick>
				</control>
				<control type="radiobutton" id="6190"> <!-- New Item -->
					<label>$LOCALIZE[50003]</label>
					<include>DefaultSettingButton</include>
					<selected>!Skin.HasSetting(HomeMenuNoTvGuideButton)</selected>
					<onclick>Skin.ToggleSetting(HomeMenuNoTvGuideButton)</onclick>
				</control>
				<control type="button" id="6191"> <!-- New Item -->
					<label>- $LOCALIZE[50043]:</label>
					<label2>[B]$INFO[System.AddonTitle(Skin.String(TvGuideAddon.path))][/B]</label2>
					<include>DefaultSettingButton</include>
					<onclick>Skin.SetAddon(TvGuideAddon.path,xbmc.python.script)</onclick>
					<enable>!Skin.HasSetting(HomeMenuNoTvGuideButton)</enable>
				</control>
				<control type="button" id="6192"> <!-- New Item -->
					<label>   - $LOCALIZE[50040] $LOCALIZE[24000]:</label>
					<label2>[B]$INFO[System.AddonTitle(Skin.String(MovieTrailers.path))][/B]</label2>
					<include>DefaultSettingButton</include>
					<onclick>Skin.SetAddon(MovieTrailers.path,xbmc.addon.video)</onclick>
					<visible>Skin.String(TvGuideAddon.path) + !Skin.HasSetting(HomeMenuNoTvGuideButton)</visible>
				</control>
				<control type="radiobutton" id="6300"> <!-- New Item -->
					<label>$LOCALIZE[50067]</label>
					<include>DefaultSettingButton</include>
					<selected>!Skin.HasSetting(HomeMenuNoSportsTvButton)</selected>
					<onclick>Skin.ToggleSetting(HomeMenuNoSportsTvButton)</onclick>
				</control>
				<control type="radiobutton" id="6301"><!-- New Item -->
					<label>- $LOCALIZE[31157]</label>
					<include>DefaultSettingButton</include>
					<selected>Skin.HasSetting(EditSportsTvCategories)</selected>
					<onclick>Skin.ToggleSetting(EditSportsTvCategories)</onclick>
					<enable>!Skin.HasSetting(HomeMenuNoSportsTvButton)</enable>
				</control>
				<control type="button" id="63011">
					<label>   - $LOCALIZE[21866] 1:</label> <!-- New Item -->
					<label2>[B]$INFO[Skin.String(SportsCat1.name)][/B]  $LOCALIZE[50053]</label2>
					<include>DefaultSettingButton</include>
					<onclick>Skin.SetPath(SportsCat1.path,library://video/)</onclick>
					<onclick>Skin.SetString(SportsCat1.name)</onclick>
					<onright>Skin.Reset(SportsCat1.path)</onright>
					<onright>Skin.Reset(SportsCat1.name)</onright>
					<visible>Skin.HasSetting(EditSportsTvCategories)</visible>
				</control>
				<control type="button" id="63012">
					<label>   - $LOCALIZE[21866] 2:</label> <!-- New Item -->
					<label2>[B]$INFO[Skin.String(SportsCat2.name)][/B]  $LOCALIZE[50053]</label2>
					<include>DefaultSettingButton</include>
					<onclick>Skin.SetPath(SportsCat2.path,library://video/)</onclick>
					<onclick>Skin.SetString(SportsCat2.name)</onclick>
					<onright>Skin.Reset(SportsCat2.path)</onright>
					<onright>Skin.Reset(SportsCat2.name)</onright>
					<visible>Skin.HasSetting(EditSportsTvCategories)</visible>
				</control>
				<control type="button" id="63013">
					<label>   - $LOCALIZE[21866] 3:</label> <!-- New Item -->
					<label2>[B]$INFO[Skin.String(SportsCat3.name)][/B]  $LOCALIZE[50053]</label2>
					<include>DefaultSettingButton</include>
					<onclick>Skin.SetPath(SportsCat3.path,library://video/)</onclick>
					<onclick>Skin.SetString(SportsCat3.name)</onclick>
					<onright>Skin.Reset(SportsCat3.path)</onright>
					<onright>Skin.Reset(SportsCat3.name)</onright>
					<visible>Skin.HasSetting(EditSportsTvCategories)</visible>
				</control>
				<control type="button" id="63014">
					<label>   - $LOCALIZE[21866] 4:</label> <!-- New Item -->
					<label2>[B]$INFO[Skin.String(SportsCat4.name)][/B]  $LOCALIZE[50053]</label2>
					<include>DefaultSettingButton</include>
					<onclick>Skin.SetPath(SportsCat4.path,library://video/)</onclick>
					<onclick>Skin.SetString(SportsCat4.name)</onclick>
					<onright>Skin.Reset(SportsCat4.path)</onright>
					<onright>Skin.Reset(SportsCat4.name)</onright>
					<visible>Skin.HasSetting(EditSportsTvCategories)</visible>
				</control>
				<control type="button" id="63015">
					<label>   - $LOCALIZE[21866] 5:</label> <!-- New Item -->
					<label2>[B]$INFO[Skin.String(SportsCat5.name)][/B]  $LOCALIZE[50053]</label2>
					<include>DefaultSettingButton</include>
					<onclick>Skin.SetPath(SportsCat5.path,library://video/)</onclick>
					<onclick>Skin.SetString(SportsCat5.name)</onclick>
					<onright>Skin.Reset(SportsCat5.path)</onright>
					<onright>Skin.Reset(SportsCat5.name)</onright>
					<onunfocus>Skin.ToggleSetting(EditSportsTvCategories)</onunfocus>
					<onunfocus>SetFocus(6302)</onunfocus>
					<visible>Skin.HasSetting(EditSportsTvCategories)</visible>
				</control>
				<control type="radiobutton" id="6302"><!-- New Item -->
					<label>- $LOCALIZE[50071]</label>
					<include>DefaultSettingButton</include>
					<selected>Skin.HasSetting(EditSportsTvWidgets)</selected>
					<onclick>Skin.ToggleSetting(EditSportsTvWidgets)</onclick>
					<enable>!Skin.HasSetting(HomeMenuNoSportsTvButton)</enable>
				</control>
				<control type="button" id="6303"> <!-- New Item -->
					<label>   - $LOCALIZE[50052] 1:</label>
					<label2>[B]$INFO[Skin.String(CustomSportsTV1.name)][/B]  $LOCALIZE[50053]</label2>
					<include>DefaultSettingButton</include>
					<onclick>Skin.SetPath(CustomSportsTV1.path,library://video/)</onclick>
					<onclick>Skin.SetString(CustomSportsTV1.name)</onclick>
					<onright>Skin.Reset(CustomSportsTV1.path)</onright>
					<onright>Skin.Reset(CustomSportsTV1.name)</onright>
					<visible>Skin.HasSetting(EditSportsTvWidgets)</visible>
				</control>
				<control type="button" id="6304"> <!-- New Item -->
					<label>   - $LOCALIZE[50052] 2:</label>
					<label2>[B]$INFO[Skin.String(CustomSportsTV2.name)][/B]  $LOCALIZE[50053]</label2>
					<include>DefaultSettingButton</include>
					<onclick>Skin.SetPath(CustomSportsTV2.path,library://video/)</onclick>
					<onclick>Skin.SetString(CustomSportsTV2.name)</onclick>
					<onright>Skin.Reset(CustomSportsTV2.path)</onright>
					<onright>Skin.Reset(CustomSportsTV2.name)</onright>
					<visible>Skin.HasSetting(EditSportsTvWidgets)</visible>
				</control>
				<control type="button" id="6305"> <!-- New Item -->
					<label>   - $LOCALIZE[50052] 3:</label>
					<label2>[B]$INFO[Skin.String(CustomSportsTV3.name)][/B]  $LOCALIZE[50053]</label2>
					<include>DefaultSettingButton</include>
					<onclick>Skin.SetPath(CustomSportsTV3.path,library://video/)</onclick>
					<onclick>Skin.SetString(CustomSportsTV3.name)</onclick>
					<onright>Skin.Reset(CustomSportsTV3.path)</onright>
					<onright>Skin.Reset(CustomSportsTV3.name)</onright>
					<onunfocus>Skin.ToggleSetting(EditSportsTvWidgets)</onunfocus>
					<onunfocus>SetFocus(613)</onunfocus>
					<visible>Skin.HasSetting(EditSportsTvWidgets)</visible>
				</control>
				<control type="radiobutton" id="613">
					<label>$LOCALIZE[2]</label>
					<include>DefaultSettingButton</include>
					<selected>!Skin.HasSetting(HomeMenuNoMusicButton)</selected>
					<onclick>Skin.ToggleSetting(HomeMenuNoMusicButton)</onclick>
				</control>
				<control type="button" id="6130">
					<label>- $LOCALIZE[31157]</label>
					<include>DefaultSettingButton</include>
					<onclick condition="System.HasAddon(plugin.library.node.editor)">ActivateWindow(programs,plugin://plugin.library.node.editor/?ltype=music,return)</onclick>
					<onclick condition="!System.HasAddon(plugin.library.node.editor)">InstallAddon(plugin.library.node.editor)</onclick>
					<enable>!Skin.HasSetting(HomeMenuNoMusicButton)</enable>
				</control>
				<control type="radiobutton" id="6131">
					<label>$LOCALIZE[20389]</label>
					<include>DefaultSettingButton</include>
					<selected>!Skin.HasSetting(HomeMenuNoMusicVideoButton)</selected>
					<onclick>Skin.ToggleSetting(HomeMenuNoMusicVideoButton)</onclick>
				</control>
				<control type="radiobutton" id="614">
					<label>$LOCALIZE[24001]</label>
					<include>DefaultSettingButton</include>
					<selected>!Skin.HasSetting(HomeMenuNoProgramsButton)</selected>
					<onclick>Skin.ToggleSetting(HomeMenuNoProgramsButton)</onclick>
				</control>
				<control type="radiobutton" id="615">
					<label>$LOCALIZE[1]</label>
					<include>DefaultSettingButton</include>
					<selected>!Skin.HasSetting(HomeMenuNoPicturesButton)</selected>
					<onclick>Skin.ToggleSetting(HomeMenuNoPicturesButton)</onclick>
				</control>
				<control type="radiobutton" id="616">
					<label>$LOCALIZE[3]</label>
					<include>DefaultSettingButton</include>
					<selected>!Skin.HasSetting(HomeMenuNoVideosButton)</selected>
					<onclick>Skin.ToggleSetting(HomeMenuNoVideosButton)</onclick>
				</control>
				<control type="radiobutton" id="6160">
					<label>$LOCALIZE[10134]</label>
					<include>DefaultSettingButton</include>
					<selected>!Skin.HasSetting(HomeMenuNoFavButton)</selected>
					<onclick>Skin.ToggleSetting(HomeMenuNoFavButton)</onclick>
				</control>
				<control type="radiobutton" id="617">
					<label>$LOCALIZE[8]</label>
					<include>DefaultSettingButton</include>
					<selected>!Skin.HasSetting(HomeMenuNoWeatherButton)</selected>
					<onclick>Skin.ToggleSetting(HomeMenuNoWeatherButton)</onclick>
				</control>
			</control>
			<control type="image">
				<description>Dialog Header image</description>
				<left>0</left>
				<top>160</top>
				<right>0</right>
				<height>3</height>
				<texture colordiffuse="button_focus" border="2">dialogs/separator-grey.png</texture>
			</control>
			<control type="image">
				<description>Dialog Header image</description>
				<left>0</left>
				<bottom>134</bottom>
				<right>0</right>
				<height>3</height>
				<texture colordiffuse="button_focus" border="2">dialogs/separator-grey.png</texture>
			</control>
		</control>
		<control type="group">
			<depth>DepthContentPanel</depth>
			<left>0</left>
			<include>OpenClose_Left</include>
			<include content="ContentPanel">
				<param name="width" value="530" />
			</include>
			<control type="list" id="9000">
				<description>button area</description>
				<left>0</left>
				<top>160</top>
				<width>470</width>
				<height>700</height>
				<onleft>10000</onleft>
				<onright>10000</onright>
				<onup>9000</onup>
				<ondown>9000</ondown>
				<itemlayout height="90" width="470">
					<control type="label">
						<textoffsetx>30</textoffsetx>
						<width>470</width>
						<height>90</height>
						<label>$INFO[ListItem.Label]</label>
						<font>font37</font>
						<aligny>center</aligny>
					</control>
				</itemlayout>
				<focusedlayout height="90" width="470">
					<control type="image">
						<width>470</width>
						<height>90</height>
						<texture colordiffuse="button_focus">lists/focus.png</texture>
						<animation effect="fade" start="100" end="50" time="40" condition="!Control.HasFocus(9000)">Conditional</animation>
					</control>
					<control type="label">
						<textoffsetx>30</textoffsetx>
						<width>470</width>
						<height>90</height>
						<font>font37</font>
						<aligny>center</aligny>
						<label>$INFO[ListItem.Label]</label>
					</control>
				</focusedlayout>
				<content>
					<item id="1">
						<label>$LOCALIZE[128]</label>
						<onclick>noop</onclick>
					</item>
					<item id="2">
						<label>$LOCALIZE[31061]</label>
						<onclick>noop</onclick>
					</item>
					<item id="3">
						<label>$LOCALIZE[31159]</label>
						<onclick>noop</onclick>
					</item>
				</content>
			</control>
		</control>
		<control type="scrollbar" id="60">
			<right>0</right>
			<top>163</top>
			<width>12</width>
			<bottom>137</bottom>
			<orientation>vertical</orientation>
			<texturesliderbackground />
			<animation effect="slide" end="6,0" time="300" tween="sine" easing="inout" condition="!Control.HasFocus(60)">conditional</animation>
			<onleft>610</onleft>
			<onright>610</onright>
			<animation effect="fade" start="0" end="100" time="200" delay="300">Visible</animation>
			<animation effect="fade" start="100" end="0" time="200">Hidden</animation>
			<animation effect="fade" start="0" end="100" delay="300" time="320">WindowOpen</animation>
			<animation effect="fade" start="100" end="0" time="150">WindowClose</animation>
			<visible>Control.IsVisible(610)</visible>
		</control>
		<include content="TopBar">
			<param name="breadcrumbs_label" value="$LOCALIZE[5] / $LOCALIZE[20077]" />
		</include>
		<include>BottomBar</include>
		<control type="textbox" id="6">
			<include>OpenClose_Right</include>
			<description>description area</description>
			<left>510</left>
			<bottom>27</bottom>
			<width>1350</width>
			<height>100</height>
			<font>font12</font>
			<align>justify</align>
			<textcolor>button_focus</textcolor>
			<label>$VAR[SkinSettingsHelpTextVar]</label>
			<autoscroll time="3000" delay="5000" repeat="5000">true</autoscroll>
		</control>
	</controls>
</window>
