﻿<?xml version="1.0" encoding="UTF-8" standalone="yes" ?>

			<item>
			<label>BBC One</label>
			<onclick>PlayMedia(plugin://plugin.video.pvr.plugin.player/stream_search/BBC+One)</onclick>
			<thumb>http://static.filmon.com/couch/channels/14/extra_big_logo.png</thumb>
			</item>

			<item>
			<label>BBC Two</label>
			<onclick>PlayMedia(plugin://plugin.video.pvr.plugin.player/stream_search/BBC+Two)</onclick>
			<thumb>http://static.filmon.com/couch/channels/25/extra_big_logo.png</thumb>
			</item>

			<item>
			<label>BBC Three</label>
			<onclick>PlayMedia(plugin://plugin.video.pvr.plugin.player/stream_search/BBC+Three)</onclick>
			<thumb>http://static.filmon.com/couch/channels/113/extra_big_logo.png</thumb>
			</item>

			<item>
			<label>BBC Four</label>
			<onclick>PlayMedia(plugin://plugin.video.pvr.plugin.player/stream_search/BBC+Four)</onclick>
			<thumb>http://static.filmon.com/couch/channels/103/extra_big_logo.png</thumb>
			</item>

			<item>
			<label>ITV</label>
			<onclick>PlayMedia(plugin://plugin.video.pvr.plugin.player/stream_search/ITV1)</onclick>
			<thumb>https://raw.githubusercontent.com/rdctx11/myaddons/master/logos/103.png</thumb>
			</item>

			<item>
			<label>ITV 2</label>
			<onclick>PlayMedia(plugin://plugin.video.pvr.plugin.player/stream_search/ITV2)</onclick>
			<thumb>https://raw.githubusercontent.com/rdctx11/myaddons/master/logos/106.png</thumb>
			</item>

			<item>
			<label>ITV 3</label>
			<onclick>PlayMedia(plugin://plugin.video.pvr.plugin.player/stream_search/ITV3)</onclick>
			<thumb>https://raw.githubusercontent.com/rdctx11/myaddons/master/logos/107.png</thumb>
			</item>

			<item>
			<label>ITV 4</label>
			<onclick>PlayMedia(plugin://plugin.video.pvr.plugin.player/stream_search/ITV4)</onclick>
			<thumb>https://raw.githubusercontent.com/rdctx11/myaddons/master/logos/108.png</thumb>
			</item>

			<item>
			<label>ITV Be</label>
			<onclick>PlayMedia(plugin://plugin.video.pvr.plugin.player/stream_search/ITVBe)</onclick>
			<thumb>http://static.filmon.com/couch/channels/3211/extra_big_logo.png</thumb>
			</item>

			<item>
			<label>CBS Reality</label>
			<onclick>PlayMedia(plugin://plugin.video.pvr.plugin.player/stream_search/CBS+Reality)</onclick>
			<thumb>https://raw.githubusercontent.com/rdctx11/myaddons/master/logos/152.png</thumb>
			</item>

			<item>
			<label>CBS Drama</label>
			<onclick>PlayMedia(plugin://plugin.video.pvr.plugin.player/stream_search/CBS+Drama)</onclick>
			<thumb>https://raw.githubusercontent.com/rdctx11/myaddons/master/logos/136.png</thumb>
			</item>

			<item>
			<label>CBS Action</label>
			<onclick>PlayMedia(plugin://plugin.video.pvr.plugin.player/stream_search/CBS+Action)</onclick>
			<thumb>https://raw.githubusercontent.com/rdctx11/myaddons/master/logos/135.png</thumb>
			</item>

			<item>
			<label>Channel 4</label>
			<onclick>PlayMedia(plugin://plugin.video.pvr.plugin.player/stream_search/Channel+4)</onclick>
			<thumb>https://raw.githubusercontent.com/rdctx11/myaddons/master/logos/104.png</thumb>
			</item>

			<item>
			<label>Channel 5</label>
			<onclick>PlayMedia(plugin://plugin.video.pvr.plugin.player/stream_search/Channel+5)</onclick>
			<thumb>https://raw.githubusercontent.com/rdctx11/myaddons/master/logos/105.png</thumb>
			</item>

			<item>
			<label>E4</label>
			<onclick>PlayMedia(plugin://plugin.video.pvr.plugin.player/stream_search/E4)</onclick>
			<thumb>https://raw.githubusercontent.com/rdctx11/myaddons/master/logos/109.png</thumb>
			</item>

			<item>
			<label>More 4</label>
			<onclick>PlayMedia(plugin://plugin.video.pvr.plugin.player/stream_search/More+4)</onclick>
			<thumb>https://raw.githubusercontent.com/rdctx11/myaddons/master/logos/115.png</thumb>
			</item>

			<item>
			<label>Dave</label>
			<onclick>PlayMedia(plugin://plugin.video.pvr.plugin.player/stream_search/Dave)</onclick>
			<onclick>PlayMedia()</onclick>
			<thumb>https://raw.githubusercontent.com/rdctx11/myaddons/master/logos/111.png</thumb>
			</item>

			<item>
			<label>Quest</label>
			<onclick>PlayMedia(plugin://plugin.video.pvr.plugin.player/stream_search/Quest)</onclick>
			<onclick>PlayMedia()</onclick>
			<thumb>https://raw.githubusercontent.com/rdctx11/myaddons/master/logos/144.png</thumb>
			</item>

			<item>
			<label>Film 4</label>
			<onclick>PlayMedia(plugin://plugin.video.pvr.plugin.player/stream_search/Film+4)</onclick>
			<onclick>PlayMedia()</onclick>
			<thumb>https://raw.githubusercontent.com/rdctx11/myaddons/master/logos/313.png</thumb>
			</item>

			<item>
			<label>5USA</label>
			<onclick>PlayMedia(plugin://plugin.video.pvr.plugin.player/stream_search/5USA)</onclick>
			<thumb>https://raw.githubusercontent.com/rdctx11/myaddons/master/logos/118.png</thumb>
			</item>

			<item>
			<label>5STAR</label>
			<onclick>PlayMedia(plugin://plugin.video.pvr.plugin.player/stream_search/5STAR)</onclick>
			<thumb>http://static.filmon.com/couch/channels/851/extra_big_logo.png</thumb>
			</item>

			<item>
			<label>Pick TV</label>
			<onclick>PlayMedia(plugin://plugin.video.pvr.plugin.player/stream_search/Pick)</onclick>
			<onclick>PlayMedia()</onclick>
			<thumb>http://static.filmon.com/couch/channels/371/extra_big_logo.png</thumb>
			</item>

			<item>
			<label>Really</label>
			<onclick>PlayMedia(plugin://plugin.video.pvr.plugin.player/stream_search/Really)</onclick>
			<thumb>http://static.filmon.com/couch/channels/372/extra_big_logo.png</thumb>
			</item>

			<item>
			<label>Tru TV</label>
			<onclick>PlayMedia(plugin://plugin.video.pvr.plugin.player/stream_search/truTV)</onclick>
			<thumb>http://static.filmon.com/couch/channels/3707/extra_big_logo.png</thumb>
			</item>

			<item>
			<label>Yesterday</label>
			<onclick>PlayMedia(plugin://plugin.video.pvr.plugin.player/stream_search/Yesterday)</onclick>
			<thumb>http://static.filmon.com/couch/channels/1039/extra_big_logo.png</thumb>
			</item>

			<item>
			<label>Travel Channel UK</label>
			<onclick>PlayMedia(plugin://plugin.video.pvr.plugin.player/stream_search/Travel+Channel)</onclick>
			<onclick>PlayMedia()</onclick>
			<thumb>https://raw.githubusercontent.com/rdctx11/myaddons/master/logos/156.png</thumb>
			</item>

			<item>
			<label>TLC</label>
			<onclick>PlayMedia(plugin://plugin.video.pvr.plugin.player/stream_search/TLC)</onclick>
			<onclick>PlayMedia()</onclick>
			<thumb>https://raw.githubusercontent.com/rdctx11/myaddons/master/logos/158.png</thumb>
			</item>

			<item>
			<label>E! Entertainment</label>
			<onclick>PlayMedia(plugin://plugin.video.pvr.plugin.player/stream_search/E!)</onclick>
			<onclick>PlayMedia()</onclick>
			<thumb>https://raw.githubusercontent.com/rdctx11/myaddons/master/logos/921.png</thumb>
			</item>

			<item>
			<label>National Geographic UK</label>
			<onclick>PlayMedia(plugin://plugin.video.pvr.plugin.player/stream_search/National+Geographic)</onclick>
			<thumb>https://raw.githubusercontent.com/rdctx11/myaddons/master/logos/171.png</thumb>
			</item>

			<item>
			<label>Nat Geo Wild</label>
			<onclick>PlayMedia(plugin://plugin.video.pvr.plugin.player/stream_search/Nat+Geo+Wild)</onclick>
			<thumb>https://raw.githubusercontent.com/rdctx11/myaddons/master/logos/172.png</thumb>
			</item>

			<item>
			<label>Discovery Channel UK</label>
			<onclick>PlayMedia(plugin://plugin.video.pvr.plugin.player/stream_search/Discovery+Channel)</onclick>
			<thumb>https://raw.githubusercontent.com/rdctx11/myaddons/master/logos/161.png</thumb>
			<date></date>
			</item>

			<item>
			<label>Discovery Science UK</label>
			<onclick>PlayMedia(plugin://plugin.video.pvr.plugin.player/stream_search/Discovery+Science)</onclick>
			<thumb>https://raw.githubusercontent.com/rdctx11/myaddons/master/logos/162.png</thumb>
			</item>

			<item>
			<label>Animal Planet UK</label>
			<onclick>PlayMedia(plugin://plugin.video.pvr.plugin.player/stream_search/Animal+Planet)</onclick>
			<thumb>https://raw.githubusercontent.com/rdctx11/myaddons/master/logos/173.png</thumb>
			</item>

			<item>
			<label>Discovery History</label>
			<onclick>PlayMedia(plugin://plugin.video.pvr.plugin.player/stream_search/Discovery+History)</onclick>
			<thumb>https://raw.githubusercontent.com/rdctx11/myaddons/master/logos/164.png</thumb>
			</item>

			<item>
			<label>Discovery Shed</label>
			<onclick>PlayMedia(plugin://plugin.video.pvr.plugin.player/stream_search/Discovery+Shed)</onclick>
			<thumb>https://raw.githubusercontent.com/rdctx11/myaddons/master/logos/165.png</thumb>
			</item>

			<item>
			<label>Discovery Turbo</label>
			<onclick>PlayMedia(plugin://plugin.video.pvr.plugin.player/stream_search/Discovery+Turbo)</onclick>
			<thumb>https://raw.githubusercontent.com/rdctx11/myaddons/master/logos/163.png</thumb>
			</item>

			<item>
			<label>Investigation Discovery UK</label>
			<onclick>PlayMedia(plugin://plugin.video.pvr.plugin.player/stream_search/Investigation+Discovery)</onclick>
			<thumb>https://raw.githubusercontent.com/rdctx11/myaddons/master/logos/167.png</thumb>
			</item>

			<item>
			<label>Lifetime UK</label>
			<onclick>PlayMedia(plugin://plugin.video.pvr.plugin.player/stream_search/Lifetime)</onclick>
			<thumb>https://raw.githubusercontent.com/rdctx11/myaddons/master/logos/132.png</thumb>
			</item>

			<item>
			<label>DMax</label>
			<onclick>PlayMedia(plugin://plugin.video.pvr.plugin.player/stream_search/DMax)</onclick>
			<thumb>https://raw.githubusercontent.com/rdctx11/myaddons/master/logos/160.png</thumb>
			</item>

			<item>
			<label>Drama</label>
			<onclick>PlayMedia(plugin://plugin.video.pvr.plugin.player/stream_search/Drama)</onclick>
			<thumb>https://raw.githubusercontent.com/rdctx11/myaddons/master/logos/138.png</thumb>
			</item>

			<item>
			<label>Sky Arts</label>
			<onclick>PlayMedia(plugin://plugin.video.pvr.plugin.player/stream_search/Sky+Arts)</onclick>
			<thumb>https://raw.githubusercontent.com/rdctx11/myaddons/master/logos/125.png</thumb>
			</item>

			<item>
			<label>Sky Atlantic</label>
			<onclick>PlayMedia(plugin://plugin.video.pvr.plugin.player/stream_search/Sky+Atlantic)</onclick>
			<thumb>https://raw.githubusercontent.com/rdctx11/myaddons/master/logos/123.png</thumb>
			</item>

			<item>
			<label>Sky Living</label>
			<onclick>PlayMedia(plugin://plugin.video.pvr.plugin.player/stream_search/Sky+Living)</onclick>
			<thumb>https://raw.githubusercontent.com/rdctx11/myaddons/master/logos/124.png</thumb>
			</item>

			<item>
			<label>Sky One</label>
			<onclick>PlayMedia(plugin://plugin.video.pvr.plugin.player/stream_search/Sky+One)</onclick>
			<thumb>https://raw.githubusercontent.com/rdctx11/myaddons/master/logos/121.png</thumb>
			</item>

			<item>
			<label>Sky Two</label>
			<onclick>PlayMedia(plugin://plugin.video.pvr.plugin.player/stream_search/Sky+Two)</onclick>
			<thumb>https://raw.githubusercontent.com/rdctx11/myaddons/master/logos/122.png</thumb>
			</item>

			<item>
			<label>Sky Cinema Action</label>
			<onclick>PlayMedia(plugin://plugin.video.pvr.plugin.player/stream_search/Action)</onclick>
			<thumb>https://raw.githubusercontent.com/rdctx11/myaddons/master/logos/307.png</thumb>
			</item>

			<item>
			<label>Sky Cinema Comedy</label>
			<onclick>PlayMedia(plugin://plugin.video.pvr.plugin.player/stream_search/Comedy)</onclick>
			<thumb>https://raw.githubusercontent.com/rdctx11/myaddons/master/logos/308.png</thumb>
			</item>

			<item>
			<label>Sky Cinema Disney</label>
			<onclick>PlayMedia(plugin://plugin.video.pvr.plugin.player/stream_search/Disney)</onclick>
			<thumb>https://raw.githubusercontent.com/rdctx11/myaddons/master/logos/305.png</thumb>
			</item>

			<item>
			<label>Sky Cinema Crime</label>
			<onclick>PlayMedia(plugin://plugin.video.pvr.plugin.player/stream_search/Crime)</onclick>
			<thumb>https://raw.githubusercontent.com/rdctx11/myaddons/master/logos/309.png</thumb>
			</item>

			<item>
			<label>Sky Cinema Family</label>
			<onclick>PlayMedia(plugin://plugin.video.pvr.plugin.player/stream_search/Family)</onclick>
			<thumb>https://raw.githubusercontent.com/rdctx11/myaddons/master/logos/306.png</thumb>
			</item>

			<item>
			<label>Sky Cinema Drama</label>
			<onclick>PlayMedia(plugin://plugin.video.pvr.plugin.player/stream_search/Drama)</onclick>
			<thumb>https://raw.githubusercontent.com/rdctx11/myaddons/master/logos/310.png</thumb>
			</item>

			<item>
			<label>Sky Cinema Premiere</label>
			<onclick>PlayMedia(plugin://plugin.video.pvr.plugin.player/stream_search/Premiere)</onclick>
			<thumb>https://raw.githubusercontent.com/rdctx11/myaddons/master/logos/301.png</thumb>
			</item>

			<item>
			<label>Sky Cinema SciFi</label>
			<onclick>PlayMedia(plugin://plugin.video.pvr.plugin.player/stream_search/Sky+Sci-Fi)</onclick>
			<thumb>https://raw.githubusercontent.com/rdctx11/myaddons/master/logos/311.png</thumb>
			</item>

			<item>
			<label>Sky Cinema Modern Greats</label>
			<onclick>PlayMedia(plugin://plugin.video.pvr.plugin.player/stream_search/Sky+Greats)</onclick>
			<thumb>https://raw.githubusercontent.com/rdctx11/myaddons/master/logos/304.png</thumb>
			</item>

			<item>
			<label>Sky Cinema Showcase</label>
			<onclick>PlayMedia(plugin://plugin.video.pvr.plugin.player/stream_search/Showcase)</onclick>
			<thumb>https://raw.githubusercontent.com/rdctx11/myaddons/master/logos/SKYSHOW.png</thumb>
			</item>

			<item>
			<label>Sky Cinema Select</label>
			<onclick>PlayMedia(plugin://plugin.video.pvr.plugin.player/stream_search/Select)</onclick>
			<thumb>https://raw.githubusercontent.com/rdctx11/myaddons/master/logos/312.png</thumb>
			</item>

			<item>
			<label>True Movies</label>
			<onclick>PlayMedia(plugin://plugin.video.pvr.plugin.player/stream_search/True+Movies)</onclick>
			<thumb>https://raw.githubusercontent.com/rdctx11/myaddons/master/logos/316.png</thumb>
			</item>

			<item>
			<label>True Movies 2</label>
			<onclick>PlayMedia(plugin://plugin.video.pvr.plugin.player/stream_search/True+Movies+2)</onclick>
			<thumb>https://raw.githubusercontent.com/rdctx11/myaddons/master/logos/316B.png</thumb>
			</item>

			<item>
			<label>Disney Channel UK</label>
			<onclick>PlayMedia(plugin://plugin.video.pvr.plugin.player/stream_search/Disney+Channel)</onclick>
			<thumb>https://raw.githubusercontent.com/rdctx11/myaddons/master/logos/291.png</thumb>
			</item>

			<item>
			<label>Disney Junior UK</label>
			<onclick>PlayMedia(plugin://plugin.video.pvr.plugin.player/stream_search/Disney+Junior)</onclick>
			<thumb>https://raw.githubusercontent.com/rdctx11/myaddons/master/logos/292.png</thumb>
			</item>

			<item>
			<label>Disney XD</label>
			<onclick>PlayMedia(plugin://plugin.video.pvr.plugin.player/stream_search/Disney+XD)</onclick>
			<thumb>https://raw.githubusercontent.com/rdctx11/myaddons/master/logos/293.png</thumb>
			</item>

			<item>
			<label>Nick UK</label>
			<onclick>PlayMedia(plugin://plugin.video.pvr.plugin.player/stream_search/Nick)</onclick>
			<thumb>https://raw.githubusercontent.com/rdctx11/myaddons/master/logos/294.png</thumb>
			</item>

			<item>
			<label>Nick Junior</label>
			<onclick>PlayMedia(plugin://plugin.video.pvr.plugin.player/stream_search/Nick+Jr)</onclick>
			<thumb>https://raw.githubusercontent.com/rdctx11/myaddons/master/logos/295.png</thumb>
			</item>

			<item>
			<label>Nicktoons TV</label>
			<onclick>PlayMedia(plugin://plugin.video.pvr.plugin.player/stream_search/Nicktoons)</onclick>
			<thumb>http://vignette2.wikia.nocookie.net/nickfanon/images/b/bd/Nicktoons_Channel_logo_2014.png/revision/latest?cb%5Cx3d20131128073711</thumb>
			</item>

<item>
<label></label>
<onclick>PlayMedia()</onclick>
<thumb></thumb>
</item>

<item>
<label></label>
<onclick>PlayMedia()</onclick>
<thumb></thumb>
</item>

<item>
<label></label>
<onclick>PlayMedia()</onclick>
<thumb></thumb>
</item>