﻿<?xml version="1.0" encoding="UTF-8" standalone="yes" ?>
<items>
			<item>
			<label>CNN</label>
			<onclick>PlayMedia(plugin://plugin.video.pvr.plugin.player/stream_search/CNN)</onclick>
			<thumb>https://raw.githubusercontent.com/rdctx11/myaddons/master/logos/474.png</thumb>
			</item>
			<item>
			<label>CNN Philippines</label>
			<onclick>PlayMedia(rtmp://54.251.134.121/live/15273.sdp live=1 timeout=10)</onclick>
			<onclick>PlayMedia()</onclick>
			<thumb>https://raw.githubusercontent.com/rdctx11/myaddons/master/logos/CNNPH.png</thumb>
			</item>
			<item>
			<label>CNN International</label>
			<onclick>PlayMedia(plugin://plugin.video.pvr.plugin.player/stream_search/CNN+International)</onclick>
			<thumb>https://raw.githubusercontent.com/rdctx11/myaddons/master/logos/CNNINT.png</thumb>
			</item>
			<item>
			<label>BBC News</label>
			<onclick>PlayMedia(plugin://plugin.video.pvr.plugin.player/stream_search/BBC+News)</onclick>
			<thumb>http://static.filmon.com/couch/channels/27/extra_big_logo.png</thumb>
			</item>
			<item>
			<label>CNBC</label>
			<onclick>PlayMedia(plugin://plugin.video.pvr.plugin.player/stream_search/CNBC)</onclick>
			<thumb>https://raw.githubusercontent.com/rdctx11/myaddons/master/logos/CNBC.png</thumb>
			</item>
			<item>
			<label>Bloomberg</label>
			<onclick>PlayMedia(plugin://plugin.video.pvr.plugin.player/stream_search/Bloomberg)</onclick>
			<thumb>https://raw.githubusercontent.com/rdctx11/myaddons/master/logos/194.png</thumb>
			</item>
			<item>
			<label>Fox News</label>
			<onclick>PlayMedia(plugin://plugin.video.pvr.plugin.player/stream_search/Fox+News)</onclick>
			<thumb>https://raw.githubusercontent.com/rdctx11/myaddons/master/logos/FOXNEWS.png</thumb>
			</item>
			<item>
			<label>ABC News 24</label>
			<onclick>PlayMedia(plugin://plugin.video.pvr.plugin.player/stream_search/ABC+News+24)</onclick>
			<thumb>http://gmojudycarman.org/wp-content/uploads/2013/06/abc-24.jpg</thumb>
			</item>
			<item>
			<label>Sky News</label>
			<onclick>PlayMedia(plugin://plugin.video.pvr.plugin.player/stream_search/Sky+News)</onclick>
			<thumb>https://raw.githubusercontent.com/rdctx11/myaddons/master/logos/192.png</thumb>
			</item>
			<item>
			<label>Al Jazeera English</label>
			<onclick>PlayMedia(plugin://plugin.video.pvr.plugin.player/stream_search/Al+Jazeera)</onclick>
			<thumb>https://raw.githubusercontent.com/rdctx11/myaddons/master/logos/198.png</thumb>
			</item>
			<item>
			<label>NHK World TV</label>
			<onclick>PlayMedia(plugin://plugin.video.pvr.plugin.player/stream_search/NHK)</onclick>
			<thumb>https://raw.githubusercontent.com/rdctx11/myaddons/master/logos/NHK.png</thumb>
			</item>
			<item>
			<label>Channel News Asia</label>
			<onclick>PlayMedia(plugin://plugin.video.pvr.plugin.player/stream_search/Channel+News+Asia)</onclick>
			<thumb>https://raw.githubusercontent.com/rdctx11/myaddons/master/logos/CNA.png</thumb>
			</item>
			<item>
			<label>Euro News</label>
			<onclick>PlayMedia(plugin://plugin.video.pvr.plugin.player/stream_search/Euro+News)</onclick>
			<thumb>https://raw.githubusercontent.com/rdctx11/myaddons/master/logos/196.png</thumb>
			</item>
			<item>
			<label>France 24</label>
			<onclick>PlayMedia(plugin://plugin.video.pvr.plugin.player/stream_search/France+24)</onclick>
			<thumb>https://raw.githubusercontent.com/rdctx11/myaddons/master/logos/FR24.png</thumb>
			</item>
			<item>
			<label>DW News</label>
			<onclick>PlayMedia(plugin://plugin.video.pvr.plugin.player/stream_search/DW)</onclick>
			<thumb>https://raw.githubusercontent.com/rdctx11/myaddons/master/logos/DW.png</thumb>
			</item>
			<item>
			<label>Arirang TV</label>
			<onclick>PlayMedia(plugin://plugin.video.pvr.plugin.player/stream_search/Arirang)</onclick>
			<thumb>https://raw.githubusercontent.com/rdctx11/myaddons/master/logos/ARR.png</thumb>
			</item>
			<item>
			<label>CGTN News</label>
			<onclick>PlayMedia(plugin://plugin.video.pvr.plugin.player/stream_search/CGTN)</onclick>
			<thumb>https://raw.githubusercontent.com/rdctx11/myaddons/master/logos/CGTN.png</thumb>
			</item>
			<item>
			<label>Russia Today</label>
			<onclick>PlayMedia(plugin://plugin.video.pvr.plugin.player/stream_search/Russia+Today)</onclick>
			<thumb>https://raw.githubusercontent.com/rdctx11/myaddons/master/logos/RT.png</thumb>
			</item>
</items>