<?xml version="1.0" encoding="UTF-8"?>
<window>
	<defaultcontrol>9000</defaultcontrol>
	<backgroundcolor>background</backgroundcolor>
	<onload condition="String.IsEmpty(Skin.String(background_overlay))">Skin.SetString(background_overlay,1)</onload>
	<controls>
		<include>DefaultBackground</include>
		<control type="multiimage">
			<depth>DepthBackground</depth>
			<include>FullScreenDimensions</include>
			<aspectratio>scale</aspectratio>
			<fadetime>600</fadetime>
			<animation effect="zoom" center="auto" end="102,102" time="0" condition="Integer.IsGreater(System.StereoscopicMode,0)">conditional</animation>
			<animation effect="fade" start="0" end="100" time="400">WindowOpen</animation>
			<animation effect="fade" start="100" end="0" time="300">WindowClose</animation>
			<animation effect="fade" time="400">VisibleChange</animation>
			<imagepath background="true" colordiffuse="bg_overlay">$INFO[Skin.String(HomeFanart.path)]settings$INFO[Skin.String(HomeFanart.ext)]</imagepath>
			<visible>!Player.HasMedia + !String.IsEmpty(Skin.String(HomeFanart.path))</visible>
		</control>
		<control type="group" id="10000">
			<left>470</left>
			<include>OpenClose_Right</include>
			<control type="grouplist" id="700">
				<top>160</top>
				<left>0</left>
				<right>0</right>
				<bottom>140</bottom>
				<onleft>9000</onleft>
				<onright>60</onright>
				<onup>700</onup>
				<ondown>700</ondown>
				<visible>Container(9000).HasFocus(1)</visible>
				<control type="radiobutton" id="701">
					<label>$LOCALIZE[31095]</label>
					<include>DefaultSettingButton</include>
					<selected>!Skin.HasSetting(no_slide_animations)</selected>
					<onclick>Skin.ToggleSetting(no_slide_animations)</onclick>
				</control>
				<control type="radiobutton" id="702">
					<label>$LOCALIZE[20189]</label>
					<include>DefaultSettingButton</include>
					<onclick>Skin.ToggleSetting(autoscroll)</onclick>
					<selected>Skin.HasSetting(autoscroll)</selected>
				</control>
				<control type="radiobutton" id="703">
					<label>$LOCALIZE[31158]</label>
					<include>DefaultSettingButton</include>
					<onclick>Skin.ToggleSetting(touchmode)</onclick>
					<selected>Skin.HasSetting(touchmode)</selected>
				</control>
				<control type="radiobutton" id="704">
					<label>$LOCALIZE[31093]</label>
					<include>DefaultSettingButton</include>
					<onclick condition="!String.IsEmpty(Weather.Plugin)">Skin.ToggleSetting(show_weatherinfo)</onclick>
					<onclick condition="String.IsEmpty(Weather.Plugin)">ActivateWindow(servicesettings,weather)</onclick>
					<selected>Skin.HasSetting(show_weatherinfo) + !String.IsEmpty(Weather.Plugin)</selected>
				</control>
				<control type="radiobutton" id="705">
					<label>$LOCALIZE[31160]</label>
					<include>DefaultSettingButton</include>
					<onclick>Skin.ToggleSetting(hide_mediaflags)</onclick>
					<selected>!Skin.HasSetting(hide_mediaflags)</selected>
				</control>
				<control type="button" id="706">
					<label>$LOCALIZE[31024]</label>
					<include>DefaultSettingButton</include>
					<onclick>Skin.SelectBool($LOCALIZE[31024], 38018|circle_userrating, 563|circle_rating, 16018|)</onclick>
					<label2>$VAR[RatingSettingLabel2Var]</label2>
				</control>
			</control>
			<control type="grouplist" id="600">
				<top>160</top>
				<left>0</left>
				<right>0</right>
				<bottom>140</bottom>
				<onleft>9000</onleft>
				<onright>60</onright>
				<onup>600</onup>
				<ondown>600</ondown>
				<visible>Container(9000).HasFocus(3)</visible>
				<control type="radiobutton" id="605">
					<label>$LOCALIZE[31002]</label>
					<include>DefaultSettingButton</include>
					<onclick>Skin.ToggleSetting(no_fanart)</onclick>
					<selected>!Skin.HasSetting(no_fanart)</selected>
				</control>
				<control type="button" id="607">
					<label>$LOCALIZE[31156]</label>
					<label2>$VAR[BackgroundOverlayTypeVar]</label2>
					<include>DefaultSettingButton</include>
					<onclick condition="String.IsEqual(Skin.String(background_overlay),7)">Skin.SetString(background_overlay,0)</onclick>
					<onclick condition="String.IsEqual(Skin.String(background_overlay),6)">Skin.SetString(background_overlay,7)</onclick>
					<onclick condition="String.IsEqual(Skin.String(background_overlay),5)">Skin.SetString(background_overlay,6)</onclick>
					<onclick condition="String.IsEqual(Skin.String(background_overlay),4)">Skin.SetString(background_overlay,5)</onclick>
					<onclick condition="String.IsEqual(Skin.String(background_overlay),3)">Skin.SetString(background_overlay,4)</onclick>
					<onclick condition="String.IsEqual(Skin.String(background_overlay),2)">Skin.SetString(background_overlay,3)</onclick>
					<onclick condition="String.IsEqual(Skin.String(background_overlay),1)">Skin.SetString(background_overlay,2)</onclick>
					<onclick condition="String.IsEqual(Skin.String(background_overlay),0)">Skin.SetString(background_overlay,1)</onclick>
				</control>
				<control type="button" id="608">
					<label>$LOCALIZE[31131]</label>
					<label2>$INFO[Skin.String(HomeFanart.name)]</label2>
					<include>DefaultSettingButton</include>
					<onclick condition="System.HasAddon(script.image.resource.select)">RunScript(script.image.resource.select,property=HomeFanart&amp;type=resource.images.skinbackgrounds)</onclick>
					<onclick condition="!System.HasAddon(script.image.resource.select)">InstallAddon(script.image.resource.select)</onclick>
					<enable>!Skin.HasSetting(no_fanart)</enable>
				</control>
				<control type="button" id="609">
					<label>$LOCALIZE[31062]</label>
					<label2>$INFO[Skin.String(WeatherFanart.name)]</label2>
					<include>DefaultSettingButton</include>
					<onclick condition="System.HasAddon(script.image.resource.select)">RunScript(script.image.resource.select,property=WeatherFanart&amp;type=resource.images.weatherfanart)</onclick>
					<onclick condition="!System.HasAddon(script.image.resource.select)">InstallAddon(script.image.resource.select)</onclick>
					<enable>!Skin.HasSetting(no_fanart)</enable>
				</control>
				<control type="button" id="6066">
					<label>$LOCALIZE[31149]</label>
					<label2>$INFO[Skin.String(MovieGenreFanart.Name)]</label2>
					<include>DefaultSettingButton</include>
					<onclick condition="!System.HasAddon(script.image.resource.select)">InstallAddon(script.image.resource.select)</onclick>
					<onclick condition="System.HasAddon(script.image.resource.select)">RunScript(script.image.resource.select,property=MovieGenreFanart&amp;type=resource.images.moviegenrefanart)</onclick>
				</control>
			</control>
			<control type="grouplist" id="610">
				<top>160</top>
				<left>0</left>
				<right>0</right>
				<bottom>140</bottom>
				<onleft>9000</onleft>
				<onright>60</onright>
				<onup>610</onup>
				<pagecontrol>60</pagecontrol>
				<ondown>610</ondown>
				<visible>Container(9000).HasFocus(2)</visible>
				<control type="radiobutton" id="611">
					<label>$LOCALIZE[342]</label>
					<include>DefaultSettingButton</include>
					<selected>!Skin.HasSetting(HomeMenuNoMovieButton)</selected>
					<onclick>Skin.ToggleSetting(HomeMenuNoMovieButton)</onclick>
				</control>
				<control type="button" id="6110">
					<label>- $LOCALIZE[31157]</label>
					<include>DefaultSettingButton</include>
					<onclick condition="System.HasAddon(plugin.library.node.editor)">ActivateWindow(programs,plugin://plugin.library.node.editor/?ltype=video,return)</onclick>
					<onclick condition="!System.HasAddon(plugin.library.node.editor)">InstallAddon(plugin.library.node.editor)</onclick>
					<enable>!Skin.HasSetting(HomeMenuNoMovieButton)</enable>
				</control>
				<control type="radiobutton" id="612">
					<label>$LOCALIZE[20343]</label>
					<include>DefaultSettingButton</include>
					<selected>!Skin.HasSetting(HomeMenuNoTVShowButton)</selected>
					<onclick>Skin.ToggleSetting(HomeMenuNoTVShowButton)</onclick>
				</control>
				<control type="button" id="6120">
					<label>- $LOCALIZE[31157]</label>
					<include>DefaultSettingButton</include>
					<onclick condition="System.HasAddon(plugin.library.node.editor)">ActivateWindow(programs,plugin://plugin.library.node.editor/?ltype=video,return)</onclick>
					<onclick condition="!System.HasAddon(plugin.library.node.editor)">InstallAddon(plugin.library.node.editor)</onclick>
					<enable>!Skin.HasSetting(HomeMenuNoTVShowButton)</enable>
				</control>
				<control type="radiobutton" id="6124"> <!-- New Item -->
					<label>$LOCALIZE[50004]</label>
					<include>DefaultSettingButton</include>
					<selected>!Skin.HasSetting(HomeMenuNoPinoyMoviesButton)</selected>
					<onclick>Skin.ToggleSetting(HomeMenuNoPinoyMoviesButton)</onclick>
				</control>
				<control type="radiobutton" id="61240"><!-- New Item -->
					<label>- $LOCALIZE[50087]  $LOCALIZE[50053]</label>
					<include>DefaultSettingButton</include>
					<selected>Skin.HasSetting(EditPinoyMoviesWidgets)</selected>
					<onclick>Skin.ToggleSetting(EditPinoyMoviesWidgets)</onclick>
					<enable>!Skin.HasSetting(HomeMenuNoPinoyMoviesButton)</enable>
				</control>
				<control type="button" id="61241"> <!-- New Item -->
					<label>   - $LOCALIZE[50089] 1:</label>
					<label2>[B]$INFO[Skin.String(PinoyMoviesWidget1.name)][/B]</label2>
					<include>DefaultSettingButton</include>
					<onclick>Skin.SetPath(PinoyMoviesWidget1.path,library://video/)</onclick>
					<onclick>Skin.SetString(PinoyMoviesWidget1.name)</onclick>
					<onright>Skin.Reset(PinoyMoviesWidget1.path)</onright>
					<onright>Skin.Reset(PinoyMoviesWidget1.name)</onright>
					<visible>Skin.HasSetting(EditPinoyMoviesWidgets) + !Skin.HasSetting(HomeMenuNoPinoyMoviesButton)</visible>
				</control>
				<control type="button" id="61242"> <!-- New Item -->
					<label>   - $LOCALIZE[50089] 2:</label>
					<label2>[B]$INFO[Skin.String(PinoyMoviesWidget2.name)][/B]</label2>
					<include>DefaultSettingButton</include>
					<onclick>Skin.SetPath(PinoyMoviesWidget2.path,library://video/)</onclick>
					<onclick>Skin.SetString(PinoyMoviesWidget2.name)</onclick>
					<onright>Skin.Reset(PinoyMoviesWidget2.path)</onright>
					<onright>Skin.Reset(PinoyMoviesWidget2.name)</onright>
					<visible>Skin.HasSetting(EditPinoyMoviesWidgets) + !Skin.HasSetting(HomeMenuNoPinoyMoviesButton)</visible>
				</control>
				<control type="button" id="61243"> <!-- New Item -->
					<label>   - $LOCALIZE[50089] 3:</label>
					<label2>[B]$INFO[Skin.String(PinoyMoviesWidget3.name)][/B]</label2>
					<include>DefaultSettingButton</include>
					<onclick>Skin.SetPath(PinoyMoviesWidget3.path,library://video/)</onclick>
					<onclick>Skin.SetString(PinoyMoviesWidget3.name)</onclick>
					<onright>Skin.Reset(PinoyMoviesWidget3.path)</onright>
					<onright>Skin.Reset(PinoyMoviesWidget3.name)</onright>
					<visible>Skin.HasSetting(EditPinoyMoviesWidgets) + !Skin.HasSetting(HomeMenuNoPinoyMoviesButton)</visible>
				</control>
				<control type="button" id="61244"> <!-- New Item -->
					<label>   - $LOCALIZE[50089] 4:</label>
					<label2>[B]$INFO[Skin.String(PinoyMoviesWidget4.name)][/B]</label2>
					<include>DefaultSettingButton</include>
					<onclick>Skin.SetPath(PinoyMoviesWidget4.path,library://video/)</onclick>
					<onclick>Skin.SetString(PinoyMoviesWidget4.name)</onclick>
					<onright>Skin.Reset(PinoyMoviesWidget4.path)</onright>
					<onright>Skin.Reset(PinoyMoviesWidget4.name)</onright>
					<visible>Skin.HasSetting(EditPinoyMoviesWidgets) + !Skin.HasSetting(HomeMenuNoPinoyMoviesButton)</visible>
				</control>
				<control type="button" id="61245"> <!-- New Item -->
					<label>   - $LOCALIZE[50089] 5:</label>
					<label2>[B]$INFO[Skin.String(PinoyMoviesWidget5.name)][/B]</label2>
					<include>DefaultSettingButton</include>
					<onclick>Skin.SetPath(PinoyMoviesWidget5.path,library://video/)</onclick>
					<onclick>Skin.SetString(PinoyMoviesWidget5.name)</onclick>
					<onright>Skin.Reset(PinoyMoviesWidget5.path)</onright>
					<onright>Skin.Reset(PinoyMoviesWidget5.name)</onright>
					<onunfocus>Skin.ToggleSetting(EditPinoyMoviesWidgets)</onunfocus>
					<onunfocus>SetFocus(6123)</onunfocus>
					<visible>Skin.HasSetting(EditPinoyMoviesWidgets) + !Skin.HasSetting(HomeMenuNoPinoyMoviesButton)</visible>
				</control>
				<control type="radiobutton" id="6123"> <!-- New Item -->
					<label>$LOCALIZE[50072]</label>
					<include>DefaultSettingButton</include>
					<selected>!Skin.HasSetting(HomeMenuNoPinoyTeleseryeButton)</selected>
					<onclick>Skin.ToggleSetting(HomeMenuNoPinoyTeleseryeButton)</onclick>
				</control>
				<control type="radiobutton" id="61239"><!-- New Item -->
					<label>- $LOCALIZE[50087]  $LOCALIZE[50053]</label>
					<include>DefaultSettingButton</include>
					<selected>Skin.HasSetting(EditPinoyTeleseryeWidgets)</selected>
					<onclick>Skin.ToggleSetting(EditPinoyTeleseryeWidgets)</onclick>
					<enable>!Skin.HasSetting(HomeMenuNoPinoyTeleseryeButton)</enable>
				</control>
				<control type="button" id="61231"> <!-- New Item -->
					<label>   - $LOCALIZE[50090] 1:</label>
					<label2>[B]$INFO[Skin.String(PinoyTeleseryeWidget1.name)][/B]</label2>
					<include>DefaultSettingButton</include>
					<onclick>Skin.SetPath(PinoyTeleseryeWidget1.path,library://video/)</onclick>
					<onclick>Skin.SetString(PinoyTeleseryeWidget1.name)</onclick>
					<onright>Skin.Reset(PinoyTeleseryeWidget1.path)</onright>
					<onright>Skin.Reset(PinoyTeleseryeWidget1.name)</onright>
					<visible>Skin.HasSetting(EditPinoyTeleseryeWidgets) + !Skin.HasSetting(HomeMenuNoPinoyTeleseryeButton)</visible>
				</control>
				<control type="button" id="61232"> <!-- New Item -->
					<label>   - $LOCALIZE[50090] 2:</label>
					<label2>[B]$INFO[Skin.String(PinoyTeleseryeWidget2.name)][/B]</label2>
					<include>DefaultSettingButton</include>
					<onclick>Skin.SetPath(PinoyTeleseryeWidget2.path,library://video/)</onclick>
					<onclick>Skin.SetString(PinoyTeleseryeWidget2.name)</onclick>
					<onright>Skin.Reset(PinoyTeleseryeWidget2.path)</onright>
					<onright>Skin.Reset(PinoyTeleseryeWidget2.name)</onright>
					<visible>Skin.HasSetting(EditPinoyTeleseryeWidgets) + !Skin.HasSetting(HomeMenuNoPinoyTeleseryeButton)</visible>
				</control>
				<control type="button" id="61233"> <!-- New Item -->
					<label>   - $LOCALIZE[50090] 3:</label>
					<label2>[B]$INFO[Skin.String(PinoyTeleseryeWidget3.name)][/B]</label2>
					<include>DefaultSettingButton</include>
					<onclick>Skin.SetPath(PinoyTeleseryeWidget3.path,library://video/)</onclick>
					<onclick>Skin.SetString(PinoyTeleseryeWidget3.name)</onclick>
					<onright>Skin.Reset(PinoyTeleseryeWidget3.path)</onright>
					<onright>Skin.Reset(PinoyTeleseryeWidget3.name)</onright>
					<visible>Skin.HasSetting(EditPinoyTeleseryeWidgets) + !Skin.HasSetting(HomeMenuNoPinoyTeleseryeButton)</visible>
				</control>
				<control type="button" id="61234"> <!-- New Item -->
					<label>   - $LOCALIZE[50090] 4:</label>
					<label2>[B]$INFO[Skin.String(PinoyTeleseryeWidget4.name)][/B]</label2>
					<include>DefaultSettingButton</include>
					<onclick>Skin.SetPath(PinoyTeleseryeWidget4.path,library://video/)</onclick>
					<onclick>Skin.SetString(PinoyTeleseryeWidget4.name)</onclick>
					<onright>Skin.Reset(PinoyTeleseryeWidget4.path)</onright>
					<onright>Skin.Reset(PinoyTeleseryeWidget4.name)</onright>
					<visible>Skin.HasSetting(EditPinoyTeleseryeWidgets) + !Skin.HasSetting(HomeMenuNoPinoyTeleseryeButton)</visible>
				</control>
				<control type="button" id="61235"> <!-- New Item -->
					<label>   - $LOCALIZE[50090] 5:</label>
					<label2>[B]$INFO[Skin.String(PinoyTeleseryeWidget5.name)][/B]</label2>
					<include>DefaultSettingButton</include>
					<onclick>Skin.SetPath(PinoyTeleseryeWidget5.path,library://video/)</onclick>
					<onclick>Skin.SetString(PinoyTeleseryeWidget5.name)</onclick>
					<onright>Skin.Reset(PinoyTeleseryeWidget5.path)</onright>
					<onright>Skin.Reset(PinoyTeleseryeWidget5.name)</onright>
					<onunfocus>Skin.ToggleSetting(EditPinoyTeleseryeWidgets)</onunfocus>
					<onunfocus>SetFocus(6121)</onunfocus>
					<visible>Skin.HasSetting(EditPinoyTeleseryeWidgets) + !Skin.HasSetting(HomeMenuNoPinoyTeleseryeButton)</visible>
				</control>
				<control type="radiobutton" id="6121"> <!-- New Item -->
					<label>$LOCALIZE[50001]</label>
					<include>DefaultSettingButton</include>
					<selected>!Skin.HasSetting(HomeMenuNoPinoyTVButton)</selected>
					<onclick>Skin.ToggleSetting(HomeMenuNoPinoyTVButton)</onclick>
				</control>
				<control type="radiobutton" id="61210"><!-- New Item -->
					<label>- $LOCALIZE[31157]  $LOCALIZE[50053]</label>
					<include>DefaultSettingButton</include>
					<selected>Skin.HasSetting(EditPinoyTVCategories)</selected>
					<onclick>Skin.ToggleSetting(EditPinoyTVCategories)</onclick>
					<enable>!Skin.HasSetting(HomeMenuNoPinoyTVButton)</enable>
				</control>
				<control type="button" id="61211"> <!-- New Item -->
					<label>   - $LOCALIZE[50009] 1:</label>
					<label2>[B]$INFO[Skin.String(PinoyTvCat1.name)][/B]</label2>
					<include>DefaultSettingButton</include>
					<onclick>Skin.SetPath(PinoyTvCat1.path,library://video/)</onclick>
					<onclick>Skin.SetString(PinoyTvCat1.name)</onclick>
					<onright>Skin.Reset(PinoyTvCat1.path)</onright>
					<onright>Skin.Reset(PinoyTvCat1.name)</onright>
					<visible>Skin.HasSetting(EditPinoyTVCategories) + !Skin.HasSetting(HomeMenuNoPinoyTVButton)</visible>
				</control>
				<control type="button" id="61212"> <!-- New Item -->
					<label>   - $LOCALIZE[50009] 2:</label>
					<label2>[B]$INFO[Skin.String(PinoyTvCat2.name)][/B]</label2>
					<include>DefaultSettingButton</include>
					<onclick>Skin.SetPath(PinoyTvCat2.path,library://video/)</onclick>
					<onclick>Skin.SetString(PinoyTvCat2.name)</onclick>
					<onright>Skin.Reset(PinoyTvCat2.path)</onright>
					<onright>Skin.Reset(PinoyTvCat2.name)</onright>
					<visible>Skin.HasSetting(EditPinoyTVCategories) + !Skin.HasSetting(HomeMenuNoPinoyTVButton)</visible>
				</control>
				<control type="button" id="61213">
					<label>   - $LOCALIZE[50009] 3:</label>
					<label2>[B]$INFO[Skin.String(PinoyTvCat3.name)][/B]</label2>
					<include>DefaultSettingButton</include>
					<onclick>Skin.SetPath(PinoyTvCat3.path,library://video/)</onclick>
					<onclick>Skin.SetString(PinoyTvCat3.name)</onclick>
					<onright>Skin.Reset(PinoyTvCat3.path)</onright>
					<onright>Skin.Reset(PinoyTvCat3.name)</onright>
					<visible>Skin.HasSetting(EditPinoyTVCategories) + !Skin.HasSetting(HomeMenuNoPinoyTVButton)</visible>
				</control>
				<control type="button" id="61214"> <!-- New Item -->
					<label>   - $LOCALIZE[50009] 4:</label>
					<label2>[B]$INFO[Skin.String(PinoyTvCat4.name)][/B]</label2>
					<include>DefaultSettingButton</include>
					<onclick>Skin.SetPath(PinoyTvCat4.path,library://video/)</onclick>
					<onclick>Skin.SetString(PinoyTvCat4.name)</onclick>
					<onright>Skin.Reset(PinoyTvCat4.path)</onright>
					<onright>Skin.Reset(PinoyTvCat4.name)</onright>
					<visible>Skin.HasSetting(EditPinoyTVCategories) + !Skin.HasSetting(HomeMenuNoPinoyTVButton)</visible>
				</control>
				<control type="button" id="61215"> <!-- New Item -->
					<label>   - $LOCALIZE[50009] 5:</label>
					<label2>[B]$INFO[Skin.String(PinoyTvCat5.name)][/B]</label2>
					<include>DefaultSettingButton</include>
					<onclick>Skin.SetPath(PinoyTvCat5.path,library://video/)</onclick>
					<onclick>Skin.SetString(PinoyTvCat5.name)</onclick>
					<onright>Skin.Reset(PinoyTvCat5.path)</onright>
					<onright>Skin.Reset(PinoyTvCat5.name)</onright>
					<onunfocus>Skin.ToggleSetting(EditPinoyTVCategories)</onunfocus>
					<onunfocus>SetFocus(61216)</onunfocus>
					<visible>Skin.HasSetting(EditPinoyTVCategories) + !Skin.HasSetting(HomeMenuNoPinoyTVButton)</visible>
				</control>
				<control type="radiobutton" id="61216"><!-- New Item -->
					<label>- $LOCALIZE[50087]  $LOCALIZE[50053]</label>
					<include>DefaultSettingButton</include>
					<selected>Skin.HasSetting(EditPinoyTVWidgets)</selected>
					<onclick>Skin.ToggleSetting(EditPinoyTVWidgets)</onclick>
					<enable>!Skin.HasSetting(HomeMenuNoPinoyTVButton)</enable>
				</control>
				<control type="button" id="612161"> <!-- New Item -->
					<label>   - $LOCALIZE[50091] 1:</label>
					<label2>[B]$INFO[Skin.String(PinoyTVWidget1.name)][/B]</label2>
					<include>DefaultSettingButton</include>
					<onclick>Skin.SetPath(PinoyTVWidget1.path,library://video/)</onclick>
					<onclick>Skin.SetString(PinoyTVWidget1.name)</onclick>
					<onright>Skin.Reset(PinoyTVWidget1.path)</onright>
					<onright>Skin.Reset(PinoyTVWidget1.name)</onright>
					<visible>Skin.HasSetting(EditPinoyTVWidgets) + !Skin.HasSetting(HomeMenuNoPinoyTVButton)</visible>
				</control>
				<control type="button" id="612162"> <!-- New Item -->
					<label>   - $LOCALIZE[50091] 2:</label>
					<label2>[B]$INFO[Skin.String(PinoyTVWidget2.name)][/B]</label2>
					<include>DefaultSettingButton</include>
					<onclick>Skin.SetPath(PinoyTVWidget2.path,library://video/)</onclick>
					<onclick>Skin.SetString(PinoyTVWidget2.name)</onclick>
					<onright>Skin.Reset(PinoyTVWidget2.path)</onright>
					<onright>Skin.Reset(PinoyTVWidget2.name)</onright>
					<visible>Skin.HasSetting(EditPinoyTVWidgets) + !Skin.HasSetting(HomeMenuNoPinoyTVButton)</visible>
				</control>
				<control type="button" id="612163"> <!-- New Item -->
					<label>   - $LOCALIZE[50091] 3:</label>
					<label2>[B]$INFO[Skin.String(PinoyTVWidget3.name)][/B]</label2>
					<include>DefaultSettingButton</include>
					<onclick>Skin.SetPath(PinoyTVWidget3.path,library://video/)</onclick>
					<onclick>Skin.SetString(PinoyTVWidget3.name)</onclick>
					<onright>Skin.Reset(PinoyTVWidget3.path)</onright>
					<onright>Skin.Reset(PinoyTVWidget3.name)</onright>
					<visible>Skin.HasSetting(EditPinoyTVWidgets) + !Skin.HasSetting(HomeMenuNoPinoyTVButton)</visible>
				</control>
				<control type="button" id="612164"> <!-- New Item -->
					<label>   - $LOCALIZE[50091] 4:</label>
					<label2>[B]$INFO[Skin.String(PinoyTVWidget4.name)][/B]</label2>
					<include>DefaultSettingButton</include>
					<onclick>Skin.SetPath(PinoyTVWidget4.path,library://video/)</onclick>
					<onclick>Skin.SetString(PinoyTVWidget4.name)</onclick>
					<onright>Skin.Reset(PinoyTVWidget4.path)</onright>
					<onright>Skin.Reset(PinoyTVWidget4.name)</onright>
					<visible>Skin.HasSetting(EditPinoyTVWidgets) + !Skin.HasSetting(HomeMenuNoPinoyTVButton)</visible>
				</control>
				<control type="button" id="612165"> <!-- New Item -->
					<label>   - $LOCALIZE[50091] 5:</label>
					<label2>[B]$INFO[Skin.String(PinoyTVWidget5.name)][/B]</label2>
					<include>DefaultSettingButton</include>
					<onclick>Skin.SetPath(PinoyTVWidget5.path,library://video/)</onclick>
					<onclick>Skin.SetString(PinoyTVWidget5.name)</onclick>
					<onright>Skin.Reset(PinoyTVWidget5.path)</onright>
					<onright>Skin.Reset(PinoyTVWidget5.name)</onright>
					<onunfocus>Skin.ToggleSetting(EditPinoyTVWidgets)</onunfocus>
					<onunfocus>SetFocus(612190)</onunfocus>
					<visible>Skin.HasSetting(EditPinoyTVWidgets) + !Skin.HasSetting(HomeMenuNoPinoyTVButton)</visible>
				</control>
				<control type="button" id="612190"> <!-- New Item -->
					<label>- $LOCALIZE[50050]</label>
					<focusedcolor>FFFF000F</focusedcolor>
					<include>DefaultSettingButton</include>			
					<onclick>Skin.Reset(PinoyAddon1.path)</onclick>
					<onclick>Skin.Reset(PinoyAddon2.path)</onclick>
					<onclick>Skin.Reset(PinoyAddon3.path)</onclick>
					<onclick>Skin.Reset(PinoyAddon4.path)</onclick>
					<onclick>Skin.Reset(PinoyAddon5.path)</onclick>
					<onclick>Skin.Reset(PinoyAddon6.path)</onclick>
					<onclick>Skin.Reset(PinoyAddon7.path)</onclick>
					<onclick>Skin.Reset(PinoyAddon8.path)</onclick>
					<onclick>Skin.Reset(PinoyAddon9.path)</onclick>
					<onclick>Skin.Reset(PinoyAddon10.path)</onclick>
					<enable>!Skin.HasSetting(HomeMenuNoPinoyTVButton)</enable>
				</control>
				<control type="radiobutton" id="6122"> <!-- New Item -->
					<label>Custom Home Menu 1</label>
					<include>DefaultSettingButton</include>
					<selected>Skin.HasSetting(HomeMenuNoCustomHomeMenu1Button)</selected>
					<onclick>Skin.ToggleSetting(HomeMenuNoCustomHomeMenu1Button)</onclick>
				</control>
				<control type="button" id="61220"> <!-- New Item -->
					<label> - Custom Home Menu 1 Path:  $INFO[Skin.String(CustomHomeMenu1.path)]</label>
					<label2>[B]$INFO[Skin.String(CustomHomeMenu1.name)][/B]</label2>
					<include>DefaultSettingButton</include>
					<onclick>Skin.SetPath(CustomHomeMenu1.path,library://video/)</onclick>
					<onclick>Skin.SetString(CustomHomeMenu1.name)</onclick>
					<onright>Skin.Reset(CustomHomeMenu1.path)</onright>
					<onright>Skin.Reset(CustomHomeMenu1.name)</onright>
					<enable>Skin.HasSetting(HomeMenuNoCustomHomeMenu1Button)</enable>
				</control>
				<control type="radiobutton" id="61221"><!-- New Item -->
					<label> - $LOCALIZE[50055]  $LOCALIZE[50053]</label>
					<include>DefaultSettingButton</include>
					<selected>Skin.HasSetting(EditCustomHomeMenu1Widgets)</selected>
					<onclick>Skin.ToggleSetting(EditCustomHomeMenu1Widgets)</onclick>
					<enable>Skin.HasSetting(HomeMenuNoCustomHomeMenu1Button)</enable>
					<visible>Skin.String(CustomHomeMenu1.path)</visible>
				</control>
				<control type="button" id="61222"> <!-- New Item -->
					<label>   - Category Widget Path:  $INFO[Skin.String(CustomHomeMenu1Widget1.path)]</label>
					<label2>[B]$INFO[Skin.String(CustomHomeMenu1Widget1.name)][/B]</label2>
					<include>DefaultSettingButton</include>
					<onclick>Skin.SetPath(CustomHomeMenu1Widget1.path,library://video/)</onclick>
					<onclick>Skin.SetString(CustomHomeMenu1Widget1.name)</onclick>
					<onright>Skin.Reset(CustomHomeMenu1Widget1.path)</onright>
					<onright>Skin.Reset(CustomHomeMenu1Widget1.name)</onright>
					<visible>Skin.HasSetting(HomeMenuNoCustomHomeMenu1Button) + Skin.HasSetting(EditCustomHomeMenu1Widgets)</visible>
				</control>
				<control type="button" id="61223"> <!-- New Item -->
					<label>   - Category Widget Path:  $INFO[Skin.String(CustomHomeMenu1Widget2.path)]</label>
					<label2>[B]$INFO[Skin.String(CustomHomeMenu1Widget2.name)][/B]</label2>
					<include>DefaultSettingButton</include>
					<onclick>Skin.SetPath(CustomHomeMenu1Widget2.path,library://video/)</onclick>
					<onclick>Skin.SetString(CustomHomeMenu1Widget2.name)</onclick>
					<onright>Skin.Reset(CustomHomeMenu1Widget2.path)</onright>
					<onright>Skin.Reset(CustomHomeMenu1Widget2.name)</onright>
					<visible>Skin.HasSetting(HomeMenuNoCustomHomeMenu1Button) + Skin.HasSetting(EditCustomHomeMenu1Widgets)</visible>
				</control>
				<control type="button" id="61224"> <!-- New Item -->
					<label>   - Movies Widget Path:  $INFO[Skin.String(CustomHomeMenu1Widget3.path)]</label>
					<label2>[B]$INFO[Skin.String(CustomHomeMenu1Widget3.name)][/B]</label2>
					<include>DefaultSettingButton</include>
					<onclick>Skin.SetPath(CustomHomeMenu1Widget3.path,library://video/)</onclick>
					<onclick>Skin.SetString(CustomHomeMenu1Widget3.name)</onclick>
					<onright>Skin.Reset(CustomHomeMenu1Widget3.path)</onright>
					<onright>Skin.Reset(CustomHomeMenu1Widget3.name)</onright>
					<visible>Skin.HasSetting(HomeMenuNoCustomHomeMenu1Button) + Skin.HasSetting(EditCustomHomeMenu1Widgets)</visible>
				</control>
				<control type="button" id="61225"> <!-- New Item -->
					<label>   - Movies Widget Path:  $INFO[Skin.String(CustomHomeMenu1Widget4.path)]</label>
					<label2>[B]$INFO[Skin.String(CustomHomeMenu1Widget4.name)][/B]</label2>
					<include>DefaultSettingButton</include>
					<onclick>Skin.SetPath(CustomHomeMenu1Widget4.path,library://video/)</onclick>
					<onclick>Skin.SetString(CustomHomeMenu1Widget4.name)</onclick>
					<onright>Skin.Reset(CustomHomeMenu1Widget4.path)</onright>
					<onright>Skin.Reset(CustomHomeMenu1Widget4.name)</onright>
					<visible>Skin.HasSetting(HomeMenuNoCustomHomeMenu1Button) + Skin.HasSetting(EditCustomHomeMenu1Widgets)</visible>
				</control>
				<control type="button" id="61226"> <!-- New Item -->
					<label>   - Category Widget Path:  $INFO[Skin.String(CustomHomeMenu1Widget5.path)]</label>
					<label2>[B]$INFO[Skin.String(CustomHomeMenu1Widget5.name)][/B]</label2>
					<include>DefaultSettingButton</include>
					<onclick>Skin.SetPath(CustomHomeMenu1Widget5.path,library://video/)</onclick>
					<onclick>Skin.SetString(CustomHomeMenu1Widget5.name)</onclick>
					<onright>Skin.Reset(CustomHomeMenu1Widget5.path)</onright>
					<onright>Skin.Reset(CustomHomeMenu1Widget5.name)</onright>
					<visible>Skin.HasSetting(HomeMenuNoCustomHomeMenu1Button) + Skin.HasSetting(EditCustomHomeMenu1Widgets)</visible>
				</control>
				<control type="button" id="61227"> <!-- New Item -->
					<label>   - TV Shows Widget Path:  $INFO[Skin.String(CustomHomeMenu1Widget6.path)]</label>
					<label2>[B]$INFO[Skin.String(CustomHomeMenu1Widget6.name)][/B]</label2>
					<include>DefaultSettingButton</include>
					<onclick>Skin.SetPath(CustomHomeMenu1Widget6.path,library://video/)</onclick>
					<onclick>Skin.SetString(CustomHomeMenu1Widget6.name)</onclick>
					<onright>Skin.Reset(CustomHomeMenu1Widget6.path)</onright>
					<onright>Skin.Reset(CustomHomeMenu1Widget6.name)</onright>
					<visible>Skin.HasSetting(HomeMenuNoCustomHomeMenu1Button) + Skin.HasSetting(EditCustomHomeMenu1Widgets)</visible>
				</control>
				<control type="button" id="61228"> <!-- New Item -->
					<label>   - TV Shows Widget Path:  $INFO[Skin.String(CustomHomeMenu1Widget7.path)]</label>
					<label2>[B]$INFO[Skin.String(CustomHomeMenu1Widget7.name)][/B]</label2>
					<include>DefaultSettingButton</include>
					<onclick>Skin.SetPath(CustomHomeMenu1Widget7.path,library://video/)</onclick>
					<onclick>Skin.SetString(CustomHomeMenu1Widget7.name)</onclick>
					<onright>Skin.Reset(CustomHomeMenu1Widget7.path)</onright>
					<onright>Skin.Reset(CustomHomeMenu1Widget7.name)</onright>
					<visible>Skin.HasSetting(HomeMenuNoCustomHomeMenu1Button) + Skin.HasSetting(EditCustomHomeMenu1Widgets)</visible>
				</control>
				<control type="button" id="61229"> <!-- New Item -->
					<label>   - Episodes Widget Path:  $INFO[Skin.String(CustomHomeMenu1Widget8.path)]</label>
					<label2>[B]$INFO[Skin.String(CustomHomeMenu1Widget8.name)][/B]</label2>
					<include>DefaultSettingButton</include>
					<onclick>Skin.SetPath(CustomHomeMenu1Widget8.path,library://video/)</onclick>
					<onclick>Skin.SetString(CustomHomeMenu1Widget8.name)</onclick>
					<onright>Skin.Reset(CustomHomeMenu1Widget8.path)</onright>
					<onright>Skin.Reset(CustomHomeMenu1Widget8.name)</onright>
					<visible>Skin.HasSetting(HomeMenuNoCustomHomeMenu1Button) + Skin.HasSetting(EditCustomHomeMenu1Widgets)</visible>
				</control>
				<control type="button" id="61230"> <!-- New Item -->
					<label>   - Episodes Widget Path:  $INFO[Skin.String(CustomHomeMenu1Widget9.path)]</label>
					<label2>[B]$INFO[Skin.String(CustomHomeMenu1Widget9.name)][/B]</label2>
					<include>DefaultSettingButton</include>
					<onclick>Skin.SetPath(CustomHomeMenu1Widget9.path,library://video/)</onclick>
					<onclick>Skin.SetString(CustomHomeMenu1Widget9.name)</onclick>
					<onright>Skin.Reset(CustomHomeMenu1Widget9.path)</onright>
					<onright>Skin.Reset(CustomHomeMenu1Widget9.name)</onright>
					<onunfocus>Skin.ToggleSetting(EditCustomHomeMenu1Widgets)</onunfocus>
					<onunfocus>SetFocus(618)</onunfocus>
					<visible>Skin.HasSetting(HomeMenuNoCustomHomeMenu1Button) + Skin.HasSetting(EditCustomHomeMenu1Widgets)</visible>
				</control>
				<control type="radiobutton" id="621"> <!-- New Item -->
					<label>Custom Home Menu 2</label>
					<include>DefaultSettingButton</include>
					<selected>Skin.HasSetting(HomeMenuNoCustomHomeMenu2Button)</selected>
					<onclick>Skin.ToggleSetting(HomeMenuNoCustomHomeMenu2Button)</onclick>
				</control>
				<control type="button" id="622"> <!-- New Item -->
					<label> - Custom Home Menu 2 Path:  $INFO[Skin.String(CustomHomeMenu2.path)]</label>
					<label2>[B]$INFO[Skin.String(CustomHomeMenu2.name)][/B]</label2>
					<include>DefaultSettingButton</include>
					<onclick>Skin.SetPath(CustomHomeMenu2.path,library://video/)</onclick>
					<onclick>Skin.SetString(CustomHomeMenu2.name)</onclick>
					<onright>Skin.Reset(CustomHomeMenu2.path)</onright>
					<onright>Skin.Reset(CustomHomeMenu2.name)</onright>
					<enable>Skin.HasSetting(HomeMenuNoCustomHomeMenu2Button)</enable>
				</control>
				<control type="radiobutton" id="6220"><!-- New Item -->
					<label> - $LOCALIZE[50055]  $LOCALIZE[50053]</label>
					<include>DefaultSettingButton</include>
					<selected>Skin.HasSetting(EditCustomHomeMenu2Widgets)</selected>
					<onclick>Skin.ToggleSetting(EditCustomHomeMenu2Widgets)</onclick>
					<enable>Skin.HasSetting(HomeMenuNoCustomHomeMenu2Button)</enable>
					<visible>Skin.String(CustomHomeMenu2.path)</visible>
				</control>
				<control type="button" id="6221"> <!-- New Item -->
					<label>   - Category Widget Path:  $INFO[Skin.String(CustomHomeMenu2Widget1.path)]</label>
					<label2>[B]$INFO[Skin.String(CustomHomeMenu2Widget1.name)][/B]</label2>
					<include>DefaultSettingButton</include>
					<onclick>Skin.SetPath(CustomHomeMenu2Widget1.path,library://video/)</onclick>
					<onclick>Skin.SetString(CustomHomeMenu2Widget1.name)</onclick>
					<onright>Skin.Reset(CustomHomeMenu2Widget1.path)</onright>
					<onright>Skin.Reset(CustomHomeMenu2Widget1.name)</onright>
					<visible>Skin.HasSetting(HomeMenuNoCustomHomeMenu2Button) + Skin.HasSetting(EditCustomHomeMenu2Widgets)</visible>
				</control>
				<control type="button" id="6222"> <!-- New Item -->
					<label>   - Category Widget Path:  $INFO[Skin.String(CustomHomeMenu2Widget2.path)]</label>
					<label2>[B]$INFO[Skin.String(CustomHomeMenu2Widget2.name)][/B]</label2>
					<include>DefaultSettingButton</include>
					<onclick>Skin.SetPath(CustomHomeMenu2Widget2.path,library://video/)</onclick>
					<onclick>Skin.SetString(CustomHomeMenu2Widget2.name)</onclick>
					<onright>Skin.Reset(CustomHomeMenu2Widget2.path)</onright>
					<onright>Skin.Reset(CustomHomeMenu2Widget2.name)</onright>
					<visible>Skin.HasSetting(HomeMenuNoCustomHomeMenu2Button) + Skin.HasSetting(EditCustomHomeMenu2Widgets)</visible>
				</control>
				<control type="button" id="6223"> <!-- New Item -->
					<label>   - Movies Widget Path:  $INFO[Skin.String(CustomHomeMenu2Widget3.path)]</label>
					<label2>[B]$INFO[Skin.String(CustomHomeMenu2Widget3.name)][/B]</label2>
					<include>DefaultSettingButton</include>
					<onclick>Skin.SetPath(CustomHomeMenu2Widget3.path,library://video/)</onclick>
					<onclick>Skin.SetString(CustomHomeMenu2Widget3.name)</onclick>
					<onright>Skin.Reset(CustomHomeMenu2Widget3.path)</onright>
					<onright>Skin.Reset(CustomHomeMenu2Widget3.name)</onright>
					<visible>Skin.HasSetting(HomeMenuNoCustomHomeMenu2Button) + Skin.HasSetting(EditCustomHomeMenu2Widgets)</visible>
				</control>
				<control type="button" id="6224"> <!-- New Item -->
					<label>   - Movies Widget Path:  $INFO[Skin.String(CustomHomeMenu2Widget4.path)]</label>
					<label2>[B]$INFO[Skin.String(CustomHomeMenu2Widget4.name)][/B]</label2>
					<include>DefaultSettingButton</include>
					<onclick>Skin.SetPath(CustomHomeMenu2Widget4.path,library://video/)</onclick>
					<onclick>Skin.SetString(CustomHomeMenu2Widget4.name)</onclick>
					<onright>Skin.Reset(CustomHomeMenu2Widget4.path)</onright>
					<onright>Skin.Reset(CustomHomeMenu2Widget4.name)</onright>
					<visible>Skin.HasSetting(HomeMenuNoCustomHomeMenu2Button) + Skin.HasSetting(EditCustomHomeMenu2Widgets)</visible>
				</control>
				<control type="button" id="6225"> <!-- New Item -->
					<label>   - Category Widget Path:  $INFO[Skin.String(CustomHomeMenu2Widget5.path)]</label>
					<label2>[B]$INFO[Skin.String(CustomHomeMenu2Widget5.name)][/B]</label2>
					<include>DefaultSettingButton</include>
					<onclick>Skin.SetPath(CustomHomeMenu2Widget5.path,library://video/)</onclick>
					<onclick>Skin.SetString(CustomHomeMenu2Widget5.name)</onclick>
					<onright>Skin.Reset(CustomHomeMenu2Widget5.path)</onright>
					<onright>Skin.Reset(CustomHomeMenu2Widget5.name)</onright>
					<visible>Skin.HasSetting(HomeMenuNoCustomHomeMenu2Button) + Skin.HasSetting(EditCustomHomeMenu2Widgets)</visible>
				</control>
				<control type="button" id="6226"> <!-- New Item -->
					<label>   - TV Shows Widget Path:  $INFO[Skin.String(CustomHomeMenu2Widget6.path)]</label>
					<label2>[B]$INFO[Skin.String(CustomHomeMenu2Widget6.name)][/B]</label2>
					<include>DefaultSettingButton</include>
					<onclick>Skin.SetPath(CustomHomeMenu2Widget6.path,library://video/)</onclick>
					<onclick>Skin.SetString(CustomHomeMenu2Widget6.name)</onclick>
					<onright>Skin.Reset(CustomHomeMenu2Widget6.path)</onright>
					<onright>Skin.Reset(CustomHomeMenu2Widget6.name)</onright>
					<visible>Skin.HasSetting(HomeMenuNoCustomHomeMenu2Button) + Skin.HasSetting(EditCustomHomeMenu2Widgets)</visible>
				</control>
				<control type="button" id="6227"> <!-- New Item -->
					<label>   - TV Shows Widget Path:  $INFO[Skin.String(CustomHomeMenu2Widget7.path)]</label>
					<label2>[B]$INFO[Skin.String(CustomHomeMenu2Widget7.name)][/B]</label2>
					<include>DefaultSettingButton</include>
					<onclick>Skin.SetPath(CustomHomeMenu2Widget7.path,library://video/)</onclick>
					<onclick>Skin.SetString(CustomHomeMenu2Widget7.name)</onclick>
					<onright>Skin.Reset(CustomHomeMenu2Widget7.path)</onright>
					<onright>Skin.Reset(CustomHomeMenu2Widget7.name)</onright>
					<visible>Skin.HasSetting(HomeMenuNoCustomHomeMenu2Button) + Skin.HasSetting(EditCustomHomeMenu2Widgets)</visible>
				</control>
				<control type="button" id="6228"> <!-- New Item -->
					<label>   - Episodes Widget Path:  $INFO[Skin.String(CustomHomeMenu2Widget8.path)]</label>
					<label2>[B]$INFO[Skin.String(CustomHomeMenu2Widget8.name)][/B]</label2>
					<include>DefaultSettingButton</include>
					<onclick>Skin.SetPath(CustomHomeMenu2Widget8.path,library://video/)</onclick>
					<onclick>Skin.SetString(CustomHomeMenu2Widget8.name)</onclick>
					<onright>Skin.Reset(CustomHomeMenu2Widget8.path)</onright>
					<onright>Skin.Reset(CustomHomeMenu2Widget8.name)</onright>
					<visible>Skin.HasSetting(HomeMenuNoCustomHomeMenu2Button) + Skin.HasSetting(EditCustomHomeMenu2Widgets)</visible>
				</control>
				<control type="button" id="6229"> <!-- New Item -->
					<label>   - Episodes Widget Path:  $INFO[Skin.String(CustomHomeMenu2Widget9.path)]</label>
					<label2>[B]$INFO[Skin.String(CustomHomeMenu2Widget9.name)][/B]</label2>
					<include>DefaultSettingButton</include>
					<onclick>Skin.SetPath(CustomHomeMenu2Widget9.path,library://video/)</onclick>
					<onclick>Skin.SetString(CustomHomeMenu2Widget9.name)</onclick>
					<onright>Skin.Reset(CustomHomeMenu2Widget9.path)</onright>
					<onright>Skin.Reset(CustomHomeMenu2Widget9.name)</onright>
					<onunfocus>Skin.ToggleSetting(EditCustomHomeMenu2Widgets)</onunfocus>
					<onunfocus>SetFocus(618)</onunfocus>
					<visible>Skin.HasSetting(HomeMenuNoCustomHomeMenu2Button) + Skin.HasSetting(EditCustomHomeMenu2Widgets)</visible>
				</control>
				<control type="radiobutton" id="618">
					<label>$LOCALIZE[19020]</label>
					<include>DefaultSettingButton</include>
					<selected>!Skin.HasSetting(HomeMenuNoTVButton)</selected>
					<onclick>Skin.ToggleSetting(HomeMenuNoTVButton)</onclick>
				</control>
				<control type="radiobutton" id="619">
					<label>$LOCALIZE[19021]</label>
					<include>DefaultSettingButton</include>
					<selected>Skin.HasSetting(HomeMenuNoRadioButton)</selected>
					<onclick>Skin.ToggleSetting(HomeMenuNoRadioButton)</onclick>
				</control>
				<control type="radiobutton" id="6190"> <!-- New Item -->
					<label>$LOCALIZE[50003]</label>
					<include>DefaultSettingButton</include>
					<selected>Skin.HasSetting(HomeMenuNoTvGuideButton)</selected>
					<onclick>Skin.ToggleSetting(HomeMenuNoTvGuideButton)</onclick>
				</control>
				<control type="button" id="6191"> <!-- New Item -->
					<label>- $LOCALIZE[50043]:</label>
					<label2>[B]$INFO[System.AddonTitle(Skin.String(TvGuideAddon.path))][/B]</label2>
					<include>DefaultSettingButton</include>
					<onclick>Skin.SetAddon(TvGuideAddon.path,xbmc.python.script)</onclick>
					<enable>Skin.HasSetting(HomeMenuNoTvGuideButton)</enable>
				</control>
				<control type="radiobutton" id="6192"><!-- New Item -->
					<label>- $LOCALIZE[50051]  $LOCALIZE[50053]</label>
					<include>DefaultSettingButton</include>
					<selected>Skin.HasSetting(EditTVWidgets)</selected>
					<onclick>Skin.ToggleSetting(EditTVWidgets)</onclick>
					<enable>Skin.HasSetting(HomeMenuNoTvGuideButton)</enable>
				</control>
				<control type="button" id="6193"> <!-- New Item -->
					<label>   - Widget 1 Path: $INFO[Skin.String(CustomLiveTV1.path)]</label>
					<label2>[B]$INFO[Skin.String(CustomLiveTV1.name)][/B]</label2>
					<include>DefaultSettingButton</include>
					<onclick>Skin.SetPath(CustomLiveTV1.path,library://video/)</onclick>
					<onclick>Skin.SetString(CustomLiveTV1.name)</onclick>
					<onright>Skin.Reset(CustomLiveTV1.path)</onright>
					<onright>Skin.Reset(CustomLiveTV1.name)</onright>
					<visible>Skin.HasSetting(HomeMenuNoTvGuideButton) + Skin.HasSetting(EditTVWidgets)</visible>
				</control>
				<control type="button" id="6194"> <!-- New Item -->
					<label>   - Widget 2 Path: $INFO[Skin.String(CustomLiveTV2.path)]</label>
					<label2>[B]$INFO[Skin.String(CustomLiveTV2.name)][/B]</label2>
					<include>DefaultSettingButton</include>
					<onclick>Skin.SetPath(CustomLiveTV2.path,library://video/)</onclick>
					<onclick>Skin.SetString(CustomLiveTV2.name)</onclick>
					<onright>Skin.Reset(CustomLiveTV2.path)</onright>
					<onright>Skin.Reset(CustomLiveTV2.name)</onright>
					<visible>Skin.HasSetting(HomeMenuNoTvGuideButton) + Skin.HasSetting(EditTVWidgets)</visible>
				</control>
				<control type="button" id="6195"> <!-- New Item -->
					<label>   - Widget 3 Path: $INFO[Skin.String(CustomLiveTV3.path)]</label>
					<label2>[B]$INFO[Skin.String(CustomLiveTV3.name)][/B]</label2>
					<include>DefaultSettingButton</include>
					<onclick>Skin.SetPath(CustomLiveTV3.path,library://video/)</onclick>
					<onclick>Skin.SetString(CustomLiveTV3.name)</onclick>
					<onright>Skin.Reset(CustomLiveTV3.path)</onright>
					<onright>Skin.Reset(CustomLiveTV3.name)</onright>
					<visible>Skin.HasSetting(HomeMenuNoTvGuideButton) + Skin.HasSetting(EditTVWidgets)</visible>
				</control>
				<control type="button" id="6196"> <!-- New Item -->
					<label>   - Widget 4 Path: $INFO[Skin.String(CustomLiveTV4.path)]</label>
					<label2>[B]$INFO[Skin.String(CustomLiveTV4.name)][/B]</label2>
					<include>DefaultSettingButton</include>
					<onclick>Skin.SetPath(CustomLiveTV4.path,library://video/)</onclick>
					<onclick>Skin.SetString(CustomLiveTV4.name)</onclick>
					<onright>Skin.Reset(CustomLiveTV4.path)</onright>
					<onright>Skin.Reset(CustomLiveTV4.name)</onright>
					<visible>Skin.HasSetting(HomeMenuNoTvGuideButton) + Skin.HasSetting(EditTVWidgets)</visible>
				</control>
				<control type="button" id="6197"> <!-- New Item -->
					<label>   - Widget 5 Path: $INFO[Skin.String(CustomLiveTV5.path)]</label>
					<label2>[B]$INFO[Skin.String(CustomLiveTV5.name)][/B]</label2>
					<include>DefaultSettingButton</include>
					<onclick>Skin.SetPath(CustomLiveTV5.path,library://video/)</onclick>
					<onclick>Skin.SetString(CustomLiveTV5.name)</onclick>
					<onright>Skin.Reset(CustomLiveTV5.path)</onright>
					<onright>Skin.Reset(CustomLiveTV5.name)</onright>
					<onunfocus>Skin.ToggleSetting(EditTVWidgets)</onunfocus>
					<onunfocus>SetFocus(613)</onunfocus>
					<visible>Skin.HasSetting(HomeMenuNoTvGuideButton) + Skin.HasSetting(EditTVWidgets)</visible>
				</control>
				<control type="radiobutton" id="613">
					<label>$LOCALIZE[2]</label>
					<include>DefaultSettingButton</include>
					<selected>!Skin.HasSetting(HomeMenuNoMusicButton)</selected>
					<onclick>Skin.ToggleSetting(HomeMenuNoMusicButton)</onclick>
				</control>
				<control type="button" id="6130">
					<label>- $LOCALIZE[31157]</label>
					<include>DefaultSettingButton</include>
					<onclick condition="System.HasAddon(plugin.library.node.editor)">ActivateWindow(programs,plugin://plugin.library.node.editor/?ltype=music,return)</onclick>
					<onclick condition="!System.HasAddon(plugin.library.node.editor)">InstallAddon(plugin.library.node.editor)</onclick>
					<enable>!Skin.HasSetting(HomeMenuNoMusicButton)</enable>
				</control>
				<control type="radiobutton" id="6131">
					<label>$LOCALIZE[20389]</label>
					<include>DefaultSettingButton</include>
					<selected>Skin.HasSetting(HomeMenuNoMusicVideoButton)</selected>
					<onclick>Skin.ToggleSetting(HomeMenuNoMusicVideoButton)</onclick>
				</control>
				<control type="radiobutton" id="614">
					<label>$LOCALIZE[24001]</label>
					<include>DefaultSettingButton</include>
					<selected>!Skin.HasSetting(HomeMenuNoProgramsButton)</selected>
					<onclick>Skin.ToggleSetting(HomeMenuNoProgramsButton)</onclick>
				</control>
				<control type="radiobutton" id="615">
					<label>$LOCALIZE[1]</label>
					<include>DefaultSettingButton</include>
					<selected>Skin.HasSetting(HomeMenuNoPicturesButton)</selected>
					<onclick>Skin.ToggleSetting(HomeMenuNoPicturesButton)</onclick>
				</control>
				<control type="radiobutton" id="616">
					<label>$LOCALIZE[3]</label>
					<include>DefaultSettingButton</include>
					<selected>Skin.HasSetting(HomeMenuNoVideosButton)</selected>
					<onclick>Skin.ToggleSetting(HomeMenuNoVideosButton)</onclick>
				</control>
				<control type="radiobutton" id="6160">
					<label>$LOCALIZE[10134]</label>
					<include>DefaultSettingButton</include>
					<selected>Skin.HasSetting(HomeMenuNoFavButton)</selected>
					<onclick>Skin.ToggleSetting(HomeMenuNoFavButton)</onclick>
				</control>
				<control type="radiobutton" id="617">
					<label>$LOCALIZE[8]</label>
					<include>DefaultSettingButton</include>
					<selected>!Skin.HasSetting(HomeMenuNoWeatherButton)</selected>
					<onclick>Skin.ToggleSetting(HomeMenuNoWeatherButton)</onclick>
				</control>
			</control>
			<control type="image">
				<description>Dialog Header image</description>
				<left>0</left>
				<top>160</top>
				<right>0</right>
				<height>3</height>
				<texture colordiffuse="button_focus" border="2">dialogs/separator-grey.png</texture>
			</control>
			<control type="image">
				<description>Dialog Header image</description>
				<left>0</left>
				<bottom>134</bottom>
				<right>0</right>
				<height>3</height>
				<texture colordiffuse="button_focus" border="2">dialogs/separator-grey.png</texture>
			</control>
		</control>
		<control type="group">
			<depth>DepthContentPanel</depth>
			<left>0</left>
			<include>OpenClose_Left</include>
			<include content="ContentPanel">
				<param name="width" value="530" />
			</include>
			<control type="list" id="9000">
				<description>button area</description>
				<left>0</left>
				<top>160</top>
				<width>470</width>
				<height>700</height>
				<onleft>10000</onleft>
				<onright>10000</onright>
				<onup>9000</onup>
				<ondown>9000</ondown>
				<itemlayout height="90" width="470">
					<control type="label">
						<textoffsetx>30</textoffsetx>
						<width>470</width>
						<height>90</height>
						<label>$INFO[ListItem.Label]</label>
						<font>font37</font>
						<aligny>center</aligny>
					</control>
				</itemlayout>
				<focusedlayout height="90" width="470">
					<control type="image">
						<width>470</width>
						<height>90</height>
						<texture colordiffuse="button_focus">lists/focus.png</texture>
						<animation effect="fade" start="100" end="50" time="40" condition="!Control.HasFocus(9000)">Conditional</animation>
					</control>
					<control type="label">
						<textoffsetx>30</textoffsetx>
						<width>470</width>
						<height>90</height>
						<font>font37</font>
						<aligny>center</aligny>
						<label>$INFO[ListItem.Label]</label>
					</control>
				</focusedlayout>
				<content>
					<item id="1">
						<label>$LOCALIZE[128]</label>
						<onclick>noop</onclick>
					</item>
					<item id="2">
						<label>$LOCALIZE[31061]</label>
						<onclick>noop</onclick>
					</item>
					<item id="3">
						<label>$LOCALIZE[31159]</label>
						<onclick>noop</onclick>
					</item>
				</content>
			</control>
		</control>
		<control type="scrollbar" id="60">
			<right>0</right>
			<top>163</top>
			<width>12</width>
			<bottom>137</bottom>
			<orientation>vertical</orientation>
			<texturesliderbackground />
			<animation effect="slide" end="6,0" time="300" tween="sine" easing="inout" condition="!Control.HasFocus(60)">conditional</animation>
			<onleft>610</onleft>
			<onright>610</onright>
			<animation effect="fade" start="0" end="100" time="200" delay="300">Visible</animation>
			<animation effect="fade" start="100" end="0" time="200">Hidden</animation>
			<animation effect="fade" start="0" end="100" delay="300" time="320">WindowOpen</animation>
			<animation effect="fade" start="100" end="0" time="150">WindowClose</animation>
			<visible>Control.IsVisible(610)</visible>
		</control>
		<include content="TopBar">
			<param name="breadcrumbs_label" value="$LOCALIZE[5] / $LOCALIZE[20077]" />
		</include>
		<include>BottomBar</include>
		<control type="textbox" id="6">
			<include>OpenClose_Right</include>
			<description>description area</description>
			<left>510</left>
			<bottom>27</bottom>
			<width>1350</width>
			<height>100</height>
			<font>font12</font>
			<align>justify</align>
			<textcolor>button_focus</textcolor>
			<label>$VAR[SkinSettingsHelpTextVar]</label>
			<autoscroll time="3000" delay="5000" repeat="5000">true</autoscroll>
		</control>
	</controls>
</window>
