﻿<?xml version="1.0" encoding="UTF-8" standalone="yes" ?>
<items>

<item>
<lable>ABC</lable>
<onclick>plugin://plugin.video.pvr.plugin.player/stream_search/ABC</onclick>
<thumb>https://raw.githubusercontent.com/rdctx11/myaddons/master/logos/401.png</thumb>
</item>

<item>
<lable>CBS</lable>
<onclick>plugin://plugin.video.pvr.plugin.player/stream_search/CBS</onclick>
<thumb>https://raw.githubusercontent.com/rdctx11/myaddons/master/logos/402.png</thumb>
</item>

<item>
<lable>The CW</lable>
<onclick>plugin://plugin.video.pvr.plugin.player/stream_search/CW</onclick>
<thumb>https://raw.githubusercontent.com/rdctx11/myaddons/master/logos/403.png</thumb>
</item>

<item>
<lable>FOX</lable>
<onclick>plugin://plugin.video.pvr.plugin.player/stream_search/FOX</onclick>
<thumb>https://raw.githubusercontent.com/rdctx11/myaddons/master/logos/404.png</thumb>
</item>

<item>
<lable>NBC</lable>
<onclick>plugin://plugin.video.pvr.plugin.player/stream_search/NBC</onclick>
<onclick></onclick>
<thumb>https://raw.githubusercontent.com/rdctx11/myaddons/master/logos/406.png</thumb>
</item>

<item>
<lable>My Network TV</lable>
<onclick>plugin://plugin.video.pvr.plugin.player/stream_search/MY9</onclick>
<thumb>https://raw.githubusercontent.com/rdctx11/myaddons/master/logos/405.png</thumb>
</item>

<item>
<lable>PBS</lable>
<onclick>plugin://plugin.video.pvr.plugin.player/stream_search/PBS</onclick>
<thumb>https://raw.githubusercontent.com/rdctx11/myaddons/master/logos/407.png</thumb>
<fanart></fanart>
</item>

<item>
<lable>AMC</lable>
<onclick>plugin://plugin.video.pvr.plugin.player/stream_search/AMC</onclick>
<thumb>https://raw.githubusercontent.com/rdctx11/myaddons/master/logos/409.png</thumb>
<fanart></fanart>
</item>

<item>
<lable>A & E</lable>
<onclick>plugin://plugin.video.pvr.plugin.player/stream_search/A&E</onclick>
<thumb>https://raw.githubusercontent.com/rdctx11/myaddons/master/logos/408.png</thumb>
<fanart></fanart>
</item>

<item>
<lable>Bravo TV</lable>
<onclick>plugin://plugin.video.pvr.plugin.player/stream_search/Bravo</onclick>
<thumb>https://raw.githubusercontent.com/rdctx11/myaddons/master/logos/411.png</thumb>
<fanart></fanart>
</item>

<item>
<lable>Comedy Central</lable>
<onclick>plugin://plugin.video.pvr.plugin.player/stream_search/Comedy+Central</onclick>
<thumb>https://raw.githubusercontent.com/rdctx11/myaddons/master/logos/126.png</thumb>
<fanart></fanart>
</item>

<item>
<lable>Spike TV</lable>
<onclick>plugin://plugin.video.pvr.plugin.player/stream_search/Spike</onclick>
<thumb>https://raw.githubusercontent.com/rdctx11/myaddons/master/logos/416.png</thumb>
<fanart></fanart>
</item>

<item>
<lable>SyFy</lable>
<onclick>plugin://plugin.video.pvr.plugin.player/stream_search/Syfy</onclick>
<thumb>https://raw.githubusercontent.com/rdctx11/myaddons/master/logos/418.png</thumb>
<fanart></fanart>
</item>

<item>
<lable>TBS</lable>
<onclick>plugin://plugin.video.pvr.plugin.player/stream_search/TBS</onclick>
<thumb>https://raw.githubusercontent.com/rdctx11/myaddons/master/logos/421.png</thumb>
<fanart></fanart>
</item>

<item>
<lable>TLC</lable>
<onclick>plugin://plugin.video.pvr.plugin.player/stream_search/TLC</onclick>
<onclick></onclick>
<thumb>https://raw.githubusercontent.com/rdctx11/myaddons/master/logos/TLCUS.png</thumb>
<fanart></fanart>
</item>

<item>
<lable>TNT</lable>
<onclick>plugin://plugin.video.pvr.plugin.player/stream_search/TNT</onclick>
<thumb>https://raw.githubusercontent.com/rdctx11/myaddons/master/logos/TNT.png</thumb>
<fanart></fanart>
</item>

<item>
<lable>USA Network</lable>
<onclick>plugin://plugin.video.pvr.plugin.player/stream_search/USA+Network</onclick>
<thumb>https://raw.githubusercontent.com/rdctx11/myaddons/master/logos/420.png</thumb>
<fanart></fanart>
</item>

<item>
<lable>Lifetime</lable>
<onclick>plugin://plugin.video.pvr.plugin.player/stream_search/Lifetime</onclick>
<onclick></onclick>
<thumb>https://raw.githubusercontent.com/rdctx11/myaddons/master/logos/415.png</thumb>
<fanart></fanart>
</item>

<item>
<lable>HGTV</lable>
<onclick>plugin://plugin.video.pvr.plugin.player/stream_search/HGTV</onclick>
<thumb>https://raw.githubusercontent.com/rdctx11/myaddons/master/logos/434.png</thumb>
</item>

<item>
<lable>National Geographic</lable>
<onclick>plugin://plugin.video.pvr.plugin.player/stream_search/National+Geographic</onclick>
<thumb>https://raw.githubusercontent.com/rdctx11/myaddons/master/logos/449.png</thumb>
</item>

<item>
<lable>Discovery HD</lable>
<onclick>plugin://plugin.video.pvr.plugin.player/stream_search/Discovery</onclick>
<onclick></onclick>
<thumb>https://raw.githubusercontent.com/rdctx11/myaddons/master/logos/441.png</thumb>
<date></date>
</item>

<item>
<lable>Science Channel</lable>
<onclick>plugin://plugin.video.pvr.plugin.player/stream_search/Science</onclick>
<thumb>https://raw.githubusercontent.com/rdctx11/myaddons/master/logos/444.png</thumb>
</item>

<item>
<lable>Animal Planet</lable>
<onclick>plugin://plugin.video.pvr.plugin.player/stream_search/Animal+Planet</onclick>
<thumb>https://raw.githubusercontent.com/rdctx11/myaddons/master/logos/448.png</thumb>
</item>

<item>
<lable>History</lable>
<onclick>plugin://plugin.video.pvr.plugin.player/stream_search/History</onclick>
<thumb>https://raw.githubusercontent.com/rdctx11/myaddons/master/logos/454.png</thumb>
</item>

<item>
<lable>H2</lable>
<onclick>plugin://plugin.video.pvr.plugin.player/stream_search/H2</onclick>
<onclick></onclick>
<thumb>https://raw.githubusercontent.com/rdctx11/myaddons/master/logos/170.png</thumb>
<fanart></fanart>
</item>

<item>
<lable>Investigation Discovery</lable>
<onclick>plugin://plugin.video.pvr.plugin.player/stream_search/Investigation</onclick>
<onclick></onclick>
<thumb>https://raw.githubusercontent.com/rdctx11/myaddons/master/logos/451.png</thumb>
<fanart></fanart>
</item>

<item>
<lable>Hallmark</lable>
<onclick>plugin://plugin.video.pvr.plugin.player/stream_search/Hallmark</onclick>
<onclick></onclick>
<thumb>https://raw.githubusercontent.com/rdctx11/myaddons/master/logos/399.png</thumb>
<fanart></fanart>
</item>

<item>
<lable>HBO</lable>
<onclick>plugin://plugin.video.pvr.plugin.player/stream_search/HBO</onclick>
<onclick></onclick>
<thumb>https://raw.githubusercontent.com/rdctx11/myaddons/master/logos/351.png</thumb>
<fanart></fanart>
</item>

<item>
<lable>HBO Comedy</lable>
<onclick>plugin://plugin.video.pvr.plugin.player/stream_search/HBO+Comedy</onclick>
<onclick></onclick>
<thumb>https://raw.githubusercontent.com/rdctx11/myaddons/master/logos/356.png</thumb>
<fanart></fanart>
</item>

<item>
<lable>HBO Signature</lable>
<onclick>plugin://plugin.video.pvr.plugin.player/stream_search/HBO+Signature</onclick>
<onclick></onclick>
<thumb>https://raw.githubusercontent.com/rdctx11/myaddons/master/logos/353.png</thumb>
<fanart></fanart>
</item>

<item>
<lable>Disney Channel</lable>
<onclick>plugin://plugin.video.pvr.plugin.player/stream_search/Disney+Channel</onclick>
<onclick></onclick>
<thumb>https://raw.githubusercontent.com/rdctx11/myaddons/master/logos/291.png</thumb>
<fanart></fanart>
</item>

<item>
<lable>Cartoon Network</lable>
<onclick>plugin://plugin.video.pvr.plugin.player/stream_search/Cartoon+Network</onclick>
<thumb>https://raw.githubusercontent.com/rdctx11/myaddons/master/logos/288.png</thumb>
<fanart></fanart>
</item>

<item>
<lable>Nickelodeon</lable>
<onclick>plugin://plugin.video.pvr.plugin.player/stream_search/Nickelodeon</onclick>
<thumb>https://raw.githubusercontent.com/rdctx11/myaddons/master/logos/294.png</thumb>
<fanart></fanart>
</item>

<item>
<lable></lable>
<onclick></onclick>
<onclick></onclick>
<thumb></thumb>
<fanart></fanart>
</item>

<item>
<lable></lable>
<onclick></onclick>
<onclick></onclick>
<thumb></thumb>
<fanart></fanart>
</item>

<item>
<lable></lable>
<onclick></onclick>
<onclick></onclick>
<thumb></thumb>
<fanart></fanart>
</item>

<!-- <item>
<lable>Test Channel</lable>
<onclick>http://fluvod1.giniko.com/all-documentaries/all-documentaries/tracks-5,6/index.m3u8</onclick>
<thumb>http://png.clipart.me/graphics/thumbs/102/television-with-test-image-closeup_102203593.jpg</thumb>
<fanart></fanart>
</item> -->

</items>